country,year,allocation
Afghanistan,1820,Other (1.00)
Afghanistan,1870,Other (1.00)
Afghanistan,1910,Other (1.00)
Afghanistan,1950,Other (1.00)
Afghanistan,1960,Other (1.00)
Afghanistan,1970,Other (1.00)
Afghanistan,1980,Other (1.00)
Afghanistan,1990,Other (1.00)
Afghanistan,2000,Other (1.00)
Afghanistan,2010,Other (1.00)
Albania,1820,Other (1.00)
Albania,1850,Other (1.00)
Albania,1870,Other (1.00)
Albania,1890,Other (1.00)
Albania,1900,Other (1.00)
Albania,1910,Other (1.00)
Albania,1920,Other (1.00)
Albania,1930,Other (1.00)
Albania,1940,Other (1.00)
Albania,1950,Other (1.00)
Albania,1960,Other (1.00)
Albania,1970,Other (1.00)
Albania,1980,Other (1.00)
Albania,1990,Other (1.00)
Albania,2000,Other (1.00)
Albania,2010,Other (1.00)
Algeria,1820,Other (1.00)
Algeria,1870,Other (1.00)
Algeria,1910,Other (1.00)
Algeria,1950,Other (1.00)
Algeria,1960,Other (1.00)
Algeria,1970,Other (1.00)
Algeria,1980,Other (1.00)
Algeria,1990,Other (1.00)
Algeria,2000,Other (1.00)
Algeria,2010,Other (1.00)
Angola,1950,Other (1.00)
Angola,1960,Other (1.00)
Angola,1970,Other (1.00)
Angola,1980,Other (1.00)
Angola,1990,Other (1.00)
Angola,2000,Other (1.00)
Angola,2010,Other (1.00)
Argentina,1800,Other (1.00)
Argentina,1820,Other (1.00)
Argentina,1850,Other (1.00)
Argentina,1860,Other (1.00)
Argentina,1870,Other (1.00)
Argentina,1880,Other (1.00)
Argentina,1890,Other (1.00)
Argentina,1900,Other (1.00)
Argentina,1910,Other (1.00)
Argentina,1920,Other (1.00)
Argentina,1930,Other (1.00)
Argentina,1940,Other (1.00)
Argentina,1950,Other (1.00)
Argentina,1960,Other (1.00)
Argentina,1970,Other (1.00)
Argentina,1980,Other (1.00)
Argentina,1990,Other (1.00)
Argentina,2000,Other (1.00)
Argentina,2010,Other (1.00)
Armenia,1950,Other (1.00)
Armenia,1960,Other (1.00)
Armenia,1970,Other (1.00)
Armenia,1980,Other (1.00)
Armenia,1990,Other (1.00)
Armenia,2000,Other (1.00)
Armenia,2010,Other (1.00)
Australia,1820,Other (1.00)
Australia,1830,Other (1.00)
Australia,1840,Other (1.00)
Australia,1850,Other (1.00)
Australia,1860,Other (1.00)
Australia,1870,Other (1.00)
Australia,1880,Other (1.00)
Australia,1890,Other (1.00)
Australia,1900,Other (1.00)
Australia,1910,Other (1.00)
Australia,1920,Other (1.00)
Australia,1930,Other (1.00)
Australia,1940,Other (1.00)
Australia,1950,Other (1.00)
Australia,1960,Other (1.00)
Australia,1970,Other (1.00)
Australia,1980,Other (1.00)
Australia,1990,Other (1.00)
Australia,2000,Other (1.00)
Australia,2010,Other (1.00)
Austria,1820,Other (1.00)
Austria,1830,Other (1.00)
Austria,1840,Other (1.00)
Austria,1850,Other (1.00)
Austria,1860,Other (1.00)
Austria,1870,Other (1.00)
Austria,1880,Other (1.00)
Austria,1890,Other (1.00)
Austria,1900,Other (1.00)
Austria,1910,Other (1.00)
Austria,1920,Other (1.00)
Austria,1930,Other (1.00)
Austria,1940,Other (1.00)
Austria,1950,Other (1.00)
Austria,1960,Other (1.00)
Austria,1970,Other (1.00)
Austria,1980,Other (1.00)
Austria,1990,Other (1.00)
Austria,2000,Other (1.00)
Austria,2010,Other (1.00)
Azerbaijan,1950,Other (1.00)
Azerbaijan,1960,Other (1.00)
Azerbaijan,1970,Other (1.00)
Azerbaijan,1980,Other (1.00)
Azerbaijan,1990,Other (1.00)
Azerbaijan,2000,Other (1.00)
Azerbaijan,2010,Other (1.00)
Bahrain,1950,Other (1.00)
Bahrain,1960,Other (1.00)
Bahrain,1970,Other (1.00)
Bahrain,1980,Other (1.00)
Bahrain,1990,Other (1.00)
Bahrain,2000,Other (1.00)
Bahrain,2010,Other (1.00)
Bangladesh,1950,Other (1.00)
Bangladesh,1960,Other (1.00)
Bangladesh,1970,Other (1.00)
Bangladesh,1980,Other (1.00)
Bangladesh,1990,Other (1.00)
Bangladesh,2000,Other (1.00)
Bangladesh,2010,Other (1.00)
Barbados,1950,Other (1.00)
Barbados,1960,Other (1.00)
Barbados,1970,Other (1.00)
Barbados,1980,Other (1.00)
Barbados,1990,Other (1.00)
Barbados,2000,Other (1.00)
Barbados,2010,Other (1.00)
Belarus,1950,Other (1.00)
Belarus,1960,Other (1.00)
Belarus,1970,Other (1.00)
Belarus,1980,Other (1.00)
Belarus,1990,Other (1.00)
Belarus,2000,Other (1.00)
Belarus,2010,Other (1.00)
Belgium,1750,Other (1.00)
Belgium,1810,Other (1.00)
Belgium,1820,Other (1.00)
Belgium,1830,Other (1.00)
Belgium,1840,Other (1.00)
Belgium,1850,Other (1.00)
Belgium,1860,Other (1.00)
Belgium,1870,Other (1.00)
Belgium,1880,Other (1.00)
Belgium,1890,Other (1.00)
Belgium,1900,Other (1.00)
Belgium,1910,Other (1.00)
Belgium,1920,Other (1.00)
Belgium,1930,Other (1.00)
Belgium,1940,Other (1.00)
Belgium,1950,Other (1.00)
Belgium,1960,Other (1.00)
Belgium,1970,Other (1.00)
Belgium,1980,Other (1.00)
Belgium,1990,Other (1.00)
Belgium,2000,Other (1.00)
Belgium,2010,Other (1.00)
Benin,1950,Other (1.00)
Benin,1960,Other (1.00)
Benin,1970,Other (1.00)
Benin,1980,Other (1.00)
Benin,1990,Other (1.00)
Benin,2000,Other (1.00)
Benin,2010,Other (1.00)
Bolivia (Plurinational State of),1820,Other (1.00)
Bolivia (Plurinational State of),1840,Other (1.00)
Bolivia (Plurinational State of),1850,Other (1.00)
Bolivia (Plurinational State of),1870,Other (1.00)
Bolivia (Plurinational State of),1890,Other (1.00)
Bolivia (Plurinational State of),1900,Other (1.00)
Bolivia (Plurinational State of),1910,Other (1.00)
Bolivia (Plurinational State of),1920,Other (1.00)
Bolivia (Plurinational State of),1930,Other (1.00)
Bolivia (Plurinational State of),1940,Other (1.00)
Bolivia (Plurinational State of),1950,Other (1.00)
Bolivia (Plurinational State of),1960,Other (1.00)
Bolivia (Plurinational State of),1970,Other (1.00)
Bolivia (Plurinational State of),1980,Other (1.00)
Bolivia (Plurinational State of),1990,Other (1.00)
Bolivia (Plurinational State of),2000,Other (1.00)
Bolivia (Plurinational State of),2010,Other (1.00)
Bosnia and Herzegovina,1950,Other (1.00)
Bosnia and Herzegovina,1960,Other (1.00)
Bosnia and Herzegovina,1970,Other (1.00)
Bosnia and Herzegovina,1980,Other (1.00)
Bosnia and Herzegovina,1990,Other (1.00)
Bosnia and Herzegovina,2000,Other (1.00)
Bosnia and Herzegovina,2010,Other (1.00)
Botswana,1950,Other (1.00)
Botswana,1960,Other (1.00)
Botswana,1970,Other (1.00)
Botswana,1980,Other (1.00)
Botswana,1990,Other (1.00)
Botswana,2000,Other (1.00)
Botswana,2010,Other (1.00)
Brazil,1800,Other (1.00)
Brazil,1820,Other (1.00)
Brazil,1850,Other (1.00)
Brazil,1860,Other (1.00)
Brazil,1870,Other (1.00)
Brazil,1880,Other (1.00)
Brazil,1890,Other (1.00)
Brazil,1900,Other (1.00)
Brazil,1910,Other (1.00)
Brazil,1920,Other (1.00)
Brazil,1930,Other (1.00)
Brazil,1940,Other (1.00)
Brazil,1950,Other (1.00)
Brazil,1960,Other (1.00)
Brazil,1970,Other (1.00)
Brazil,1980,Other (1.00)
Brazil,1990,Other (1.00)
Brazil,2000,Other (1.00)
Brazil,2010,Other (1.00)
Bulgaria,1820,Other (1.00)
Bulgaria,1850,Other (1.00)
Bulgaria,1870,Other (1.00)
Bulgaria,1890,Other (1.00)
Bulgaria,1900,Other (1.00)
Bulgaria,1910,Other (1.00)
Bulgaria,1920,Other (1.00)
Bulgaria,1930,Other (1.00)
Bulgaria,1940,Other (1.00)
Bulgaria,1950,Other (1.00)
Bulgaria,1960,Other (1.00)
Bulgaria,1970,Other (1.00)
Bulgaria,1980,Other (1.00)
Bulgaria,1990,Other (1.00)
Bulgaria,2000,Other (1.00)
Bulgaria,2010,Other (1.00)
Burkina Faso,1950,Other (1.00)
Burkina Faso,1960,Other (1.00)
Burkina Faso,1970,Other (1.00)
Burkina Faso,1980,Other (1.00)
Burkina Faso,1990,Other (1.00)
Burkina Faso,2000,Other (1.00)
Burkina Faso,2010,Other (1.00)
Burundi,1950,Other (1.00)
Burundi,1960,Other (1.00)
Burundi,1970,Other (1.00)
Burundi,1980,Other (1.00)
Burundi,1990,Other (1.00)
Burundi,2000,Other (1.00)
Burundi,2010,Other (1.00)
Cabo Verde,1950,Other (1.00)
Cabo Verde,1960,Other (1.00)
Cabo Verde,1970,Other (1.00)
Cabo Verde,1980,Other (1.00)
Cabo Verde,1990,Other (1.00)
Cabo Verde,2000,Other (1.00)
Cabo Verde,2010,Other (1.00)
Cambodia,1820,Other (1.00)
Cambodia,1870,Other (1.00)
Cambodia,1910,Other (1.00)
Cambodia,1950,Other (1.00)
Cambodia,1960,Other (1.00)
Cambodia,1970,Other (1.00)
Cambodia,1980,Other (1.00)
Cambodia,1990,Other (1.00)
Cambodia,2000,Other (1.00)
Cambodia,2010,Other (1.00)
Cameroon,1950,Other (1.00)
Cameroon,1960,Other (1.00)
Cameroon,1970,Other (1.00)
Cameroon,1980,Other (1.00)
Cameroon,1990,Other (1.00)
Cameroon,2000,Other (1.00)
Cameroon,2010,Other (1.00)
Canada,1820,Other (1.00)
Canada,1830,Other (1.00)
Canada,1840,Other (1.00)
Canada,1850,Other (1.00)
Canada,1860,Other (1.00)
Canada,1870,Other (1.00)
Canada,1880,Other (1.00)
Canada,1890,Other (1.00)
Canada,1900,Other (1.00)
Canada,1910,Other (1.00)
Canada,1920,Other (1.00)
Canada,1930,Other (1.00)
Canada,1940,Other (1.00)
Canada,1950,Other (1.00)
Canada,1960,Other (1.00)
Canada,1970,Other (1.00)
Canada,1980,Other (1.00)
Canada,1990,Other (1.00)
Canada,2000,Other (1.00)
Canada,2010,Other (1.00)
Central African Republic,1950,Other (1.00)
Central African Republic,1960,Other (1.00)
Central African Republic,1970,Other (1.00)
Central African Republic,1980,Other (1.00)
Central African Republic,1990,Other (1.00)
Central African Republic,2000,Other (1.00)
Central African Republic,2010,Other (1.00)
Chad,1950,Other (1.00)
Chad,1960,Other (1.00)
Chad,1970,Other (1.00)
Chad,1980,Other (1.00)
Chad,1990,Other (1.00)
Chad,2000,Other (1.00)
Chad,2010,Other (1.00)
Chile,1800,Other (1.00)
Chile,1810,Other (1.00)
Chile,1820,Other (1.00)
Chile,1830,Other (1.00)
Chile,1840,Other (1.00)
Chile,1850,Other (1.00)
Chile,1860,Other (1.00)
Chile,1870,Other (1.00)
Chile,1880,Other (1.00)
Chile,1890,Other (1.00)
Chile,1900,Other (1.00)
Chile,1910,Other (1.00)
Chile,1920,Other (1.00)
Chile,1930,Other (1.00)
Chile,1940,Other (1.00)
Chile,1950,Other (1.00)
Chile,1960,Other (1.00)
Chile,1970,Other (1.00)
Chile,1980,Other (1.00)
Chile,1990,Other (1.00)
Chile,2000,Other (1.00)
Chile,2010,Other (1.00)
China,1750,Other (1.00)
China,1760,Other (1.00)
China,1770,Other (1.00)
China,1780,Other (1.00)
China,1790,Other (1.00)
China,1800,Other (1.00)
China,1810,Other (1.00)
China,1820,Other (1.00)
China,1830,Other (1.00)
China,1840,Other (1.00)
China,1850,Other (1.00)
China,1860,Other (1.00)
China,1870,Other (1.00)
China,1880,Other (1.00)
China,1890,Other (1.00)
China,1900,Other (1.00)
China,1910,Other (1.00)
China,1920,Other (1.00)
China,1930,Other (1.00)
China,1940,Other (1.00)
China,1950,Other (1.00)
China,1960,Other (1.00)
China,1970,Other (1.00)
China,1980,Other (1.00)
China,1990,Other (1.00)
China,2000,Other (1.00)
China,2010,Other (1.00)
"China, Hong Kong SAR",1820,Other (1.00)
"China, Hong Kong SAR",1850,Other (1.00)
"China, Hong Kong SAR",1870,Other (1.00)
"China, Hong Kong SAR",1890,Other (1.00)
"China, Hong Kong SAR",1900,Other (1.00)
"China, Hong Kong SAR",1910,Other (1.00)
"China, Hong Kong SAR",1920,Other (1.00)
"China, Hong Kong SAR",1930,Other (1.00)
"China, Hong Kong SAR",1940,Other (1.00)
"China, Hong Kong SAR",1950,Other (1.00)
"China, Hong Kong SAR",1960,Other (1.00)
"China, Hong Kong SAR",1970,Other (1.00)
"China, Hong Kong SAR",1980,Other (1.00)
"China, Hong Kong SAR",1990,Other (1.00)
"China, Hong Kong SAR",2000,Other (1.00)
"China, Hong Kong SAR",2010,Other (1.00)
Colombia,1800,Other (1.00)
Colombia,1820,Other (1.00)
Colombia,1850,Other (1.00)
Colombia,1860,Other (1.00)
Colombia,1870,Other (1.00)
Colombia,1880,Other (1.00)
Colombia,1890,Other (1.00)
Colombia,1900,Other (1.00)
Colombia,1910,Other (1.00)
Colombia,1920,Other (1.00)
Colombia,1930,Other (1.00)
Colombia,1940,Other (1.00)
Colombia,1950,Other (1.00)
Colombia,1960,Other (1.00)
Colombia,1970,Other (1.00)
Colombia,1980,Other (1.00)
Colombia,1990,Other (1.00)
Colombia,2000,Other (1.00)
Colombia,2010,Other (1.00)
Comoros,1950,Other (1.00)
Comoros,1960,Other (1.00)
Comoros,1970,Other (1.00)
Comoros,1980,Other (1.00)
Comoros,1990,Other (1.00)
Comoros,2000,Other (1.00)
Comoros,2010,Other (1.00)
Congo,1950,Other (1.00)
Congo,1960,Other (1.00)
Congo,1970,Other (1.00)
Congo,1980,Other (1.00)
Congo,1990,Other (1.00)
Congo,2000,Other (1.00)
Congo,2010,Other (1.00)
Costa Rica,1820,Other (1.00)
Costa Rica,1850,Other (1.00)
Costa Rica,1870,Other (1.00)
Costa Rica,1900,Other (1.00)
Costa Rica,1910,Other (1.00)
Costa Rica,1920,Other (1.00)
Costa Rica,1930,Other (1.00)
Costa Rica,1940,Other (1.00)
Costa Rica,1950,Other (1.00)
Costa Rica,1960,Other (1.00)
Costa Rica,1970,Other (1.00)
Costa Rica,1980,Other (1.00)
Costa Rica,1990,Other (1.00)
Costa Rica,2000,Other (1.00)
Costa Rica,2010,Other (1.00)
Croatia,1950,Other (1.00)
Croatia,1960,Other (1.00)
Croatia,1970,Other (1.00)
Croatia,1980,Other (1.00)
Croatia,1990,Other (1.00)
Croatia,2000,Other (1.00)
Croatia,2010,Other (1.00)
Cuba,1750,Other (1.00)
Cuba,1770,Other (1.00)
Cuba,1790,Other (1.00)
Cuba,1820,Other (1.00)
Cuba,1840,Other (1.00)
Cuba,1850,Other (1.00)
Cuba,1860,Other (1.00)
Cuba,1870,Other (1.00)
Cuba,1880,Other (1.00)
Cuba,1890,Other (1.00)
Cuba,1900,Other (1.00)
Cuba,1910,Other (1.00)
Cuba,1920,Other (1.00)
Cuba,1930,Other (1.00)
Cuba,1940,Other (1.00)
Cuba,1950,Other (1.00)
Cuba,1960,Other (1.00)
Cuba,1970,Other (1.00)
Cuba,1980,Other (1.00)
Cuba,1990,Other (1.00)
Cuba,2000,Other (1.00)
Cuba,2010,Other (1.00)
Cyprus,1950,Other (1.00)
Cyprus,1960,Other (1.00)
Cyprus,1970,Other (1.00)
Cyprus,1980,Other (1.00)
Cyprus,1990,Other (1.00)
Cyprus,2000,Other (1.00)
Cyprus,2010,Other (1.00)
Czech Republic,1950,Other (1.00)
Czech Republic,1960,Other (1.00)
Czech Republic,1970,Other (1.00)
Czech Republic,1980,Other (1.00)
Czech Republic,1990,Other (1.00)
Czech Republic,2000,Other (1.00)
Czech Republic,2010,Other (1.00)
Czechoslovakia,1820,Other (1.00)
Czechoslovakia,1850,Other (1.00)
Czechoslovakia,1870,Other (1.00)
Czechoslovakia,1890,Other (1.00)
Czechoslovakia,1900,Other (1.00)
Czechoslovakia,1910,Other (1.00)
Czechoslovakia,1920,Other (1.00)
Czechoslovakia,1930,Other (1.00)
Czechoslovakia,1940,Other (1.00)
Czechoslovakia,1950,Other (1.00)
Czechoslovakia,1960,Other (1.00)
Czechoslovakia,1970,Other (1.00)
Czechoslovakia,1980,Other (1.00)
Czechoslovakia,1990,Other (1.00)
Czechoslovakia,2000,Other (1.00)
Czechoslovakia,2010,Other (1.00)
Côte d'Ivoire,1880,Other (1.00)
Côte d'Ivoire,1930,Other (1.00)
Côte d'Ivoire,1950,Other (1.00)
Côte d'Ivoire,1960,Other (1.00)
Côte d'Ivoire,1970,Other (1.00)
Côte d'Ivoire,1980,Other (1.00)
Côte d'Ivoire,1990,Other (1.00)
Côte d'Ivoire,2000,Other (1.00)
Côte d'Ivoire,2010,Other (1.00)
D.P.R. of Korea,1820,Other (1.00)
D.P.R. of Korea,1870,Other (1.00)
D.P.R. of Korea,1910,Other (1.00)
D.P.R. of Korea,1920,Other (1.00)
D.P.R. of Korea,1930,Other (1.00)
D.P.R. of Korea,1940,Other (1.00)
D.P.R. of Korea,1950,Other (1.00)
D.P.R. of Korea,1960,Other (1.00)
D.P.R. of Korea,1970,Other (1.00)
D.P.R. of Korea,1980,Other (1.00)
D.P.R. of Korea,1990,Other (1.00)
D.P.R. of Korea,2000,Other (1.00)
D.P.R. of Korea,2010,Other (1.00)
D.R. of the Congo,1950,Other (1.00)
D.R. of the Congo,1960,Other (1.00)
D.R. of the Congo,1970,Other (1.00)
D.R. of the Congo,1980,Other (1.00)
D.R. of the Congo,1990,Other (1.00)
D.R. of the Congo,2000,Other (1.00)
D.R. of the Congo,2010,Other (1.00)
Denmark,1820,Other (1.00)
Denmark,1830,Other (1.00)
Denmark,1840,Other (1.00)
Denmark,1850,Other (1.00)
Denmark,1860,Other (1.00)
Denmark,1870,Other (1.00)
Denmark,1880,Other (1.00)
Denmark,1890,Other (1.00)
Denmark,1900,Other (1.00)
Denmark,1910,Other (1.00)
Denmark,1920,Other (1.00)
Denmark,1930,Other (1.00)
Denmark,1940,Other (1.00)
Denmark,1950,Other (1.00)
Denmark,1960,Other (1.00)
Denmark,1970,Other (1.00)
Denmark,1980,Other (1.00)
Denmark,1990,Other (1.00)
Denmark,2000,Other (1.00)
Denmark,2010,Other (1.00)
Djibouti,1950,Other (1.00)
Djibouti,1960,Other (1.00)
Djibouti,1970,Other (1.00)
Djibouti,1980,Other (1.00)
Djibouti,1990,Other (1.00)
Djibouti,2000,Other (1.00)
Djibouti,2010,Other (1.00)
Dominica,1820,Other (1.00)
Dominica,1850,Other (1.00)
Dominica,1870,Other (1.00)
Dominica,1900,Other (1.00)
Dominica,1910,Other (1.00)
Dominica,1920,Other (1.00)
Dominica,1930,Other (1.00)
Dominica,1940,Other (1.00)
Dominica,1950,Other (1.00)
Dominica,1960,Other (1.00)
Dominica,1970,Other (1.00)
Dominica,1980,Other (1.00)
Dominica,1990,Other (1.00)
Dominica,2000,Other (1.00)
Dominica,2010,Other (1.00)
Dominican Republic,1950,Other (1.00)
Dominican Republic,1960,Other (1.00)
Dominican Republic,1970,Other (1.00)
Dominican Republic,1980,Other (1.00)
Dominican Republic,1990,Other (1.00)
Dominican Republic,2000,Other (1.00)
Dominican Republic,2010,Other (1.00)
Ecuador,1820,Other (1.00)
Ecuador,1850,Other (1.00)
Ecuador,1870,Other (1.00)
Ecuador,1880,Other (1.00)
Ecuador,1890,Other (1.00)
Ecuador,1900,Other (1.00)
Ecuador,1910,Other (1.00)
Ecuador,1920,Other (1.00)
Ecuador,1930,Other (1.00)
Ecuador,1940,Other (1.00)
Ecuador,1950,Other (1.00)
Ecuador,1960,Other (1.00)
Ecuador,1970,Other (1.00)
Ecuador,1980,Other (1.00)
Ecuador,1990,Other (1.00)
Ecuador,2000,Other (1.00)
Ecuador,2010,Other (1.00)
Egypt,1820,Other (1.00)
Egypt,1870,Other (1.00)
Egypt,1910,Other (1.00)
Egypt,1950,Other (1.00)
Egypt,1960,Other (1.00)
Egypt,1970,Other (1.00)
Egypt,1980,Other (1.00)
Egypt,1990,Other (1.00)
Egypt,2000,Other (1.00)
Egypt,2010,Other (1.00)
El Salvador,1820,Other (1.00)
El Salvador,1850,Other (1.00)
El Salvador,1870,Other (1.00)
El Salvador,1900,Other (1.00)
El Salvador,1910,Other (1.00)
El Salvador,1920,Other (1.00)
El Salvador,1930,Other (1.00)
El Salvador,1940,Other (1.00)
El Salvador,1950,Other (1.00)
El Salvador,1960,Other (1.00)
El Salvador,1970,Other (1.00)
El Salvador,1980,Other (1.00)
El Salvador,1990,Other (1.00)
El Salvador,2000,Other (1.00)
El Salvador,2010,Other (1.00)
Equatorial Guinea,1950,Other (1.00)
Equatorial Guinea,1960,Other (1.00)
Equatorial Guinea,1970,Other (1.00)
Equatorial Guinea,1980,Other (1.00)
Equatorial Guinea,1990,Other (1.00)
Equatorial Guinea,2000,Other (1.00)
Equatorial Guinea,2010,Other (1.00)
Estonia,1850,Other (1.00)
Estonia,1950,Other (1.00)
Estonia,1960,Other (1.00)
Estonia,1970,Other (1.00)
Estonia,1980,Other (1.00)
Estonia,1990,Other (1.00)
Estonia,2000,Other (1.00)
Estonia,2010,Other (1.00)
Ethiopia,1820,Other (1.00)
Ethiopia,1950,Other (1.00)
Ethiopia,1960,Other (1.00)
Ethiopia,1970,Other (1.00)
Ethiopia,1980,Other (1.00)
Ethiopia,1990,Other (1.00)
Ethiopia,2000,Other (1.00)
Ethiopia,2010,Other (1.00)
Finland,1750,Other (1.00)
Finland,1800,Other (1.00)
Finland,1820,Other (1.00)
Finland,1830,Other (1.00)
Finland,1840,Other (1.00)
Finland,1850,Other (1.00)
Finland,1860,Other (1.00)
Finland,1870,Other (1.00)
Finland,1880,Other (1.00)
Finland,1890,Other (1.00)
Finland,1900,Other (1.00)
Finland,1910,Other (1.00)
Finland,1920,Other (1.00)
Finland,1930,Other (1.00)
Finland,1940,Other (1.00)
Finland,1950,Other (1.00)
Finland,1960,Other (1.00)
Finland,1970,Other (1.00)
Finland,1980,Other (1.00)
Finland,1990,Other (1.00)
Finland,2000,Other (1.00)
Finland,2010,Other (1.00)
Former USSR,1820,Other (1.00)
Former USSR,1850,Other (1.00)
Former USSR,1870,Other (1.00)
Former USSR,1880,Other (1.00)
Former USSR,1890,Other (1.00)
Former USSR,1900,Other (1.00)
Former USSR,1910,Other (1.00)
Former USSR,1920,Other (1.00)
Former USSR,1930,Other (1.00)
Former USSR,1940,Other (1.00)
Former USSR,1950,Other (1.00)
Former USSR,1960,Other (1.00)
Former USSR,1970,Other (1.00)
Former USSR,1980,Other (1.00)
Former USSR,1990,Other (1.00)
Former USSR,2000,Other (1.00)
Former USSR,2010,Other (1.00)
Former Yugoslavia,1820,Other (1.00)
Former Yugoslavia,1850,Other (1.00)
Former Yugoslavia,1870,Other (1.00)
Former Yugoslavia,1890,Other (1.00)
Former Yugoslavia,1900,Other (1.00)
Former Yugoslavia,1910,Other (1.00)
Former Yugoslavia,1920,Other (1.00)
Former Yugoslavia,1930,Other (1.00)
Former Yugoslavia,1940,Other (1.00)
Former Yugoslavia,1950,Other (1.00)
Former Yugoslavia,1960,Other (1.00)
Former Yugoslavia,1970,Other (1.00)
Former Yugoslavia,1980,Other (1.00)
Former Yugoslavia,1990,Other (1.00)
Former Yugoslavia,2000,Other (1.00)
Former Yugoslavia,2010,Other (1.00)
France,1750,Other (1.00)
France,1760,Other (1.00)
France,1770,Other (1.00)
France,1780,Other (1.00)
France,1820,Other (1.00)
France,1830,Other (1.00)
France,1840,Other (1.00)
France,1850,Other (1.00)
France,1860,Other (1.00)
France,1870,Other (1.00)
France,1880,Other (1.00)
France,1890,Other (1.00)
France,1900,Other (1.00)
France,1910,Other (1.00)
France,1920,Other (1.00)
France,1930,Other (1.00)
France,1940,Other (1.00)
France,1950,Other (1.00)
France,1960,Other (1.00)
France,1970,Other (1.00)
France,1980,Other (1.00)
France,1990,Other (1.00)
France,2000,Other (1.00)
France,2010,Other (1.00)
Gabon,1950,Other (1.00)
Gabon,1960,Other (1.00)
Gabon,1970,Other (1.00)
Gabon,1980,Other (1.00)
Gabon,1990,Other (1.00)
Gabon,2000,Other (1.00)
Gabon,2010,Other (1.00)
Gambia,1950,Other (1.00)
Gambia,1960,Other (1.00)
Gambia,1970,Other (1.00)
Gambia,1980,Other (1.00)
Gambia,1990,Other (1.00)
Gambia,2000,Other (1.00)
Gambia,2010,Other (1.00)
Georgia,1950,Other (1.00)
Georgia,1960,Other (1.00)
Georgia,1970,Other (1.00)
Georgia,1980,Other (1.00)
Georgia,1990,Other (1.00)
Georgia,2000,Other (1.00)
Georgia,2010,Other (1.00)
Germany,1750,Other (1.00)
Germany,1800,Other (1.00)
Germany,1820,Other (1.00)
Germany,1830,Other (1.00)
Germany,1840,Other (1.00)
Germany,1850,Other (1.00)
Germany,1860,Other (1.00)
Germany,1870,Other (1.00)
Germany,1880,Other (1.00)
Germany,1890,Other (1.00)
Germany,1900,Other (1.00)
Germany,1910,Other (1.00)
Germany,1920,Other (1.00)
Germany,1930,Other (1.00)
Germany,1940,Other (1.00)
Germany,1950,Other (1.00)
Germany,1960,Other (1.00)
Germany,1970,Other (1.00)
Germany,1980,Other (1.00)
Germany,1990,Other (1.00)
Germany,2000,Other (1.00)
Germany,2010,Other (1.00)
Ghana,1870,Other (1.00)
Ghana,1910,Other (1.00)
Ghana,1950,Other (1.00)
Ghana,1960,Other (1.00)
Ghana,1970,Other (1.00)
Ghana,1980,Other (1.00)
Ghana,1990,Other (1.00)
Ghana,2000,Other (1.00)
Ghana,2010,Other (1.00)
Greece,1820,Other (1.00)
Greece,1830,Other (1.00)
Greece,1840,Other (1.00)
Greece,1850,Other (1.00)
Greece,1860,Other (1.00)
Greece,1870,Other (1.00)
Greece,1880,Other (1.00)
Greece,1890,Other (1.00)
Greece,1900,Other (1.00)
Greece,1910,Other (1.00)
Greece,1920,Other (1.00)
Greece,1930,Other (1.00)
Greece,1940,Other (1.00)
Greece,1950,Other (1.00)
Greece,1960,Other (1.00)
Greece,1970,Other (1.00)
Greece,1980,Other (1.00)
Greece,1990,Other (1.00)
Greece,2000,Other (1.00)
Greece,2010,Other (1.00)
Guatemala,1820,Other (1.00)
Guatemala,1850,Other (1.00)
Guatemala,1870,Other (1.00)
Guatemala,1900,Other (1.00)
Guatemala,1910,Other (1.00)
Guatemala,1920,Other (1.00)
Guatemala,1930,Other (1.00)
Guatemala,1940,Other (1.00)
Guatemala,1950,Other (1.00)
Guatemala,1960,Other (1.00)
Guatemala,1970,Other (1.00)
Guatemala,1980,Other (1.00)
Guatemala,1990,Other (1.00)
Guatemala,2000,Other (1.00)
Guatemala,2010,Other (1.00)
Guinea,1950,Other (1.00)
Guinea,1960,Other (1.00)
Guinea,1970,Other (1.00)
Guinea,1980,Other (1.00)
Guinea,1990,Other (1.00)
Guinea,2000,Other (1.00)
Guinea,2010,Other (1.00)
Guinea-Bissau,1950,Other (1.00)
Guinea-Bissau,1960,Other (1.00)
Guinea-Bissau,1970,Other (1.00)
Guinea-Bissau,1980,Other (1.00)
Guinea-Bissau,1990,Other (1.00)
Guinea-Bissau,2000,Other (1.00)
Guinea-Bissau,2010,Other (1.00)
Haiti,1820,Other (1.00)
Haiti,1850,Other (1.00)
Haiti,1870,Other (1.00)
Haiti,1900,Other (1.00)
Haiti,1910,Other (1.00)
Haiti,1920,Other (1.00)
Haiti,1930,Other (1.00)
Haiti,1940,Other (1.00)
Haiti,1950,Other (1.00)
Haiti,1960,Other (1.00)
Haiti,1970,Other (1.00)
Haiti,1980,Other (1.00)
Haiti,1990,Other (1.00)
Haiti,2000,Other (1.00)
Haiti,2010,Other (1.00)
Honduras,1820,Other (1.00)
Honduras,1850,Other (1.00)
Honduras,1870,Other (1.00)
Honduras,1900,Other (1.00)
Honduras,1910,Other (1.00)
Honduras,1920,Other (1.00)
Honduras,1930,Other (1.00)
Honduras,1940,Other (1.00)
Honduras,1950,Other (1.00)
Honduras,1960,Other (1.00)
Honduras,1970,Other (1.00)
Honduras,1980,Other (1.00)
Honduras,1990,Other (1.00)
Honduras,2000,Other (1.00)
Honduras,2010,Other (1.00)
Hungary,1820,Other (1.00)
Hungary,1850,Other (1.00)
Hungary,1870,Other (1.00)
Hungary,1890,Other (1.00)
Hungary,1900,Other (1.00)
Hungary,1910,Other (1.00)
Hungary,1920,Other (1.00)
Hungary,1930,Other (1.00)
Hungary,1940,Other (1.00)
Hungary,1950,Other (1.00)
Hungary,1960,Other (1.00)
Hungary,1970,Other (1.00)
Hungary,1980,Other (1.00)
Hungary,1990,Other (1.00)
Hungary,2000,Other (1.00)
Hungary,2010,Other (1.00)
Iceland,1950,Other (1.00)
Iceland,1960,Other (1.00)
Iceland,1970,Other (1.00)
Iceland,1980,Other (1.00)
Iceland,1990,Other (1.00)
Iceland,2000,Other (1.00)
Iceland,2010,Other (1.00)
India,1750,Other (1.00)
India,1800,Other (1.00)
India,1810,Other (1.00)
India,1820,Other (1.00)
India,1830,Other (1.00)
India,1840,Other (1.00)
India,1850,Other (1.00)
India,1860,Other (1.00)
India,1870,Other (1.00)
India,1880,Other (1.00)
India,1890,Other (1.00)
India,1900,Other (1.00)
India,1910,Other (1.00)
India,1920,Other (1.00)
India,1930,Other (1.00)
India,1940,Other (1.00)
India,1950,Other (1.00)
India,1960,Other (1.00)
India,1970,Other (1.00)
India,1980,Other (1.00)
India,1990,Other (1.00)
India,2000,Other (1.00)
India,2010,Other (1.00)
Indonesia,1810,Other (1.00)
Indonesia,1820,Other (1.00)
Indonesia,1830,Other (1.00)
Indonesia,1840,Other (1.00)
Indonesia,1850,Other (1.00)
Indonesia,1860,Other (1.00)
Indonesia,1870,Other (1.00)
Indonesia,1880,Other (1.00)
Indonesia,1890,Other (1.00)
Indonesia,1900,Other (1.00)
Indonesia,1910,Other (1.00)
Indonesia,1920,Other (1.00)
Indonesia,1930,Other (1.00)
Indonesia,1940,Other (1.00)
Indonesia,1950,Other (1.00)
Indonesia,1960,Other (1.00)
Indonesia,1970,Other (1.00)
Indonesia,1980,Other (1.00)
Indonesia,1990,Other (1.00)
Indonesia,2000,Other (1.00)
Indonesia,2010,Other (1.00)
Iran (Islamic Republic of),1820,Other (1.00)
Iran (Islamic Republic of),1870,Other (1.00)
Iran (Islamic Republic of),1910,Other (1.00)
Iran (Islamic Republic of),1950,Other (1.00)
Iran (Islamic Republic of),1960,Other (1.00)
Iran (Islamic Republic of),1970,Other (1.00)
Iran (Islamic Republic of),1980,Other (1.00)
Iran (Islamic Republic of),1990,Other (1.00)
Iran (Islamic Republic of),2000,Other (1.00)
Iran (Islamic Republic of),2010,Other (1.00)
Iraq,1820,Other (1.00)
Iraq,1870,Other (1.00)
Iraq,1910,Other (1.00)
Iraq,1950,Other (1.00)
Iraq,1960,Other (1.00)
Iraq,1970,Other (1.00)
Iraq,1980,Other (1.00)
Iraq,1990,Other (1.00)
Iraq,2000,Other (1.00)
Iraq,2010,Other (1.00)
Ireland,1820,Other (1.00)
Ireland,1830,Other (1.00)
Ireland,1840,Other (1.00)
Ireland,1850,Other (1.00)
Ireland,1860,Other (1.00)
Ireland,1870,Other (1.00)
Ireland,1880,Other (1.00)
Ireland,1890,Other (1.00)
Ireland,1900,Other (1.00)
Ireland,1910,Other (1.00)
Ireland,1920,Other (1.00)
Ireland,1930,Other (1.00)
Ireland,1940,Other (1.00)
Ireland,1950,Other (1.00)
Ireland,1960,Other (1.00)
Ireland,1970,Other (1.00)
Ireland,1980,Other (1.00)
Ireland,1990,Other (1.00)
Ireland,2000,Other (1.00)
Ireland,2010,Other (1.00)
Israel,1950,Other (1.00)
Israel,1960,Other (1.00)
Israel,1970,Other (1.00)
Israel,1980,Other (1.00)
Israel,1990,Other (1.00)
Israel,2000,Other (1.00)
Israel,2010,Other (1.00)
Italy,1750,Other (1.00)
Italy,1760,Other (1.00)
Italy,1770,Other (1.00)
Italy,1780,Other (1.00)
Italy,1790,Other (1.00)
Italy,1800,Other (1.00)
Italy,1810,Other (1.00)
Italy,1820,Other (1.00)
Italy,1830,Other (1.00)
Italy,1840,Other (1.00)
Italy,1850,Other (1.00)
Italy,1860,Other (1.00)
Italy,1870,Other (1.00)
Italy,1880,Other (1.00)
Italy,1890,Other (1.00)
Italy,1900,Other (1.00)
Italy,1910,Other (1.00)
Italy,1920,Other (1.00)
Italy,1930,Other (1.00)
Italy,1940,Other (1.00)
Italy,1950,Other (1.00)
Italy,1960,Other (1.00)
Italy,1970,Other (1.00)
Italy,1980,Other (1.00)
Italy,1990,Other (1.00)
Italy,2000,Other (1.00)
Italy,2010,Other (1.00)
Jamaica,1820,Other (1.00)
Jamaica,1850,Other (1.00)
Jamaica,1860,Other (1.00)
Jamaica,1870,Other (1.00)
Jamaica,1880,Other (1.00)
Jamaica,1890,Other (1.00)
Jamaica,1900,Other (1.00)
Jamaica,1910,Other (1.00)
Jamaica,1920,Other (1.00)
Jamaica,1930,Other (1.00)
Jamaica,1940,Other (1.00)
Jamaica,1950,Other (1.00)
Jamaica,1960,Other (1.00)
Jamaica,1970,Other (1.00)
Jamaica,1980,Other (1.00)
Jamaica,1990,Other (1.00)
Jamaica,2000,Other (1.00)
Jamaica,2010,Other (1.00)
Japan,1750,Other (1.00)
Japan,1800,Other (1.00)
Japan,1820,Other (1.00)
Japan,1830,Other (1.00)
Japan,1840,Other (1.00)
Japan,1850,Other (1.00)
Japan,1860,Other (1.00)
Japan,1870,Other (1.00)
Japan,1880,Other (1.00)
Japan,1890,Other (1.00)
Japan,1900,Other (1.00)
Japan,1910,Other (1.00)
Japan,1920,Other (1.00)
Japan,1930,Other (1.00)
Japan,1940,Other (1.00)
Japan,1950,Other (1.00)
Japan,1960,Other (1.00)
Japan,1970,Other (1.00)
Japan,1980,Other (1.00)
Japan,1990,Other (1.00)
Japan,2000,Other (1.00)
Japan,2010,Other (1.00)
Jordan,1820,Other (1.00)
Jordan,1870,Other (1.00)
Jordan,1910,Other (1.00)
Jordan,1950,Other (1.00)
Jordan,1960,Other (1.00)
Jordan,1970,Other (1.00)
Jordan,1980,Other (1.00)
Jordan,1990,Other (1.00)
Jordan,2000,Other (1.00)
Jordan,2010,Other (1.00)
Kazakhstan,1950,Other (1.00)
Kazakhstan,1960,Other (1.00)
Kazakhstan,1970,Other (1.00)
Kazakhstan,1980,Other (1.00)
Kazakhstan,1990,Other (1.00)
Kazakhstan,2000,Other (1.00)
Kazakhstan,2010,Other (1.00)
Kenya,1950,Other (1.00)
Kenya,1960,Other (1.00)
Kenya,1970,Other (1.00)
Kenya,1980,Other (1.00)
Kenya,1990,Other (1.00)
Kenya,2000,Other (1.00)
Kenya,2010,Other (1.00)
Kuwait,1950,Other (1.00)
Kuwait,1960,Other (1.00)
Kuwait,1970,Other (1.00)
Kuwait,1980,Other (1.00)
Kuwait,1990,Other (1.00)
Kuwait,2000,Other (1.00)
Kuwait,2010,Other (1.00)
Kyrgyzstan,1950,Other (1.00)
Kyrgyzstan,1960,Other (1.00)
Kyrgyzstan,1970,Other (1.00)
Kyrgyzstan,1980,Other (1.00)
Kyrgyzstan,1990,Other (1.00)
Kyrgyzstan,2000,Other (1.00)
Kyrgyzstan,2010,Other (1.00)
Lao People's DR,1820,Other (1.00)
Lao People's DR,1870,Other (1.00)
Lao People's DR,1910,Other (1.00)
Lao People's DR,1950,Other (1.00)
Lao People's DR,1960,Other (1.00)
Lao People's DR,1970,Other (1.00)
Lao People's DR,1980,Other (1.00)
Lao People's DR,1990,Other (1.00)
Lao People's DR,2000,Other (1.00)
Lao People's DR,2010,Other (1.00)
Latvia,1950,Other (1.00)
Latvia,1960,Other (1.00)
Latvia,1970,Other (1.00)
Latvia,1980,Other (1.00)
Latvia,1990,Other (1.00)
Latvia,2000,Other (1.00)
Latvia,2010,Other (1.00)
Lebanon,1820,Other (1.00)
Lebanon,1870,Other (1.00)
Lebanon,1910,Other (1.00)
Lebanon,1950,Other (1.00)
Lebanon,1960,Other (1.00)
Lebanon,1970,Other (1.00)
Lebanon,1980,Other (1.00)
Lebanon,1990,Other (1.00)
Lebanon,2000,Other (1.00)
Lebanon,2010,Other (1.00)
Lesotho,1950,Other (1.00)
Lesotho,1960,Other (1.00)
Lesotho,1970,Other (1.00)
Lesotho,1980,Other (1.00)
Lesotho,1990,Other (1.00)
Lesotho,2000,Other (1.00)
Lesotho,2010,Other (1.00)
Liberia,1950,Other (1.00)
Liberia,1960,Other (1.00)
Liberia,1970,Other (1.00)
Liberia,1980,Other (1.00)
Liberia,1990,Other (1.00)
Liberia,2000,Other (1.00)
Liberia,2010,Other (1.00)
Libya,1820,Other (1.00)
Libya,1950,Other (1.00)
Libya,1960,Other (1.00)
Libya,1970,Other (1.00)
Libya,1980,Other (1.00)
Libya,1990,Other (1.00)
Libya,2000,Other (1.00)
Libya,2010,Other (1.00)
Lithuania,1950,Other (1.00)
Lithuania,1960,Other (1.00)
Lithuania,1970,Other (1.00)
Lithuania,1980,Other (1.00)
Lithuania,1990,Other (1.00)
Lithuania,2000,Other (1.00)
Lithuania,2010,Other (1.00)
Luxembourg,1950,Other (1.00)
Luxembourg,1960,Other (1.00)
Luxembourg,1970,Other (1.00)
Luxembourg,1980,Other (1.00)
Luxembourg,1990,Other (1.00)
Luxembourg,2000,Other (1.00)
Luxembourg,2010,Other (1.00)
Madagascar,1820,Other (1.00)
Madagascar,1950,Other (1.00)
Madagascar,1960,Other (1.00)
Madagascar,1970,Other (1.00)
Madagascar,1980,Other (1.00)
Madagascar,1990,Other (1.00)
Madagascar,2000,Other (1.00)
Madagascar,2010,Other (1.00)
Malawi,1950,Other (1.00)
Malawi,1960,Other (1.00)
Malawi,1970,Other (1.00)
Malawi,1980,Other (1.00)
Malawi,1990,Other (1.00)
Malawi,2000,Other (1.00)
Malawi,2010,Other (1.00)
Malaysia,1820,Other (1.00)
Malaysia,1850,Other (1.00)
Malaysia,1870,Other (1.00)
Malaysia,1890,Other (1.00)
Malaysia,1900,Other (1.00)
Malaysia,1910,Other (1.00)
Malaysia,1920,Other (1.00)
Malaysia,1930,Other (1.00)
Malaysia,1940,Other (1.00)
Malaysia,1950,Other (1.00)
Malaysia,1960,Other (1.00)
Malaysia,1970,Other (1.00)
Malaysia,1980,Other (1.00)
Malaysia,1990,Other (1.00)
Malaysia,2000,Other (1.00)
Malaysia,2010,Other (1.00)
Mali,1950,Other (1.00)
Mali,1960,Other (1.00)
Mali,1970,Other (1.00)
Mali,1980,Other (1.00)
Mali,1990,Other (1.00)
Mali,2000,Other (1.00)
Mali,2010,Other (1.00)
Malta,1950,Other (1.00)
Malta,1960,Other (1.00)
Malta,1970,Other (1.00)
Malta,1980,Other (1.00)
Malta,1990,Other (1.00)
Malta,2000,Other (1.00)
Malta,2010,Other (1.00)
Mauritania,1950,Other (1.00)
Mauritania,1960,Other (1.00)
Mauritania,1970,Other (1.00)
Mauritania,1980,Other (1.00)
Mauritania,1990,Other (1.00)
Mauritania,2000,Other (1.00)
Mauritania,2010,Other (1.00)
Mauritius,1950,Other (1.00)
Mauritius,1960,Other (1.00)
Mauritius,1970,Other (1.00)
Mauritius,1980,Other (1.00)
Mauritius,1990,Other (1.00)
Mauritius,2000,Other (1.00)
Mauritius,2010,Other (1.00)
Mexico,1750,Other (1.00)
Mexico,1760,Other (1.00)
Mexico,1770,Other (1.00)
Mexico,1780,Other (1.00)
Mexico,1790,Other (1.00)
Mexico,1800,Other (1.00)
Mexico,1810,Other (1.00)
Mexico,1820,Other (1.00)
Mexico,1850,Other (1.00)
Mexico,1860,Other (1.00)
Mexico,1870,Other (1.00)
Mexico,1880,Other (1.00)
Mexico,1890,Other (1.00)
Mexico,1900,Other (1.00)
Mexico,1910,Other (1.00)
Mexico,1920,Other (1.00)
Mexico,1930,Other (1.00)
Mexico,1940,Other (1.00)
Mexico,1950,Other (1.00)
Mexico,1960,Other (1.00)
Mexico,1970,Other (1.00)
Mexico,1980,Other (1.00)
Mexico,1990,Other (1.00)
Mexico,2000,Other (1.00)
Mexico,2010,Other (1.00)
Mongolia,1820,Other (1.00)
Mongolia,1870,Other (1.00)
Mongolia,1910,Other (1.00)
Mongolia,1950,Other (1.00)
Mongolia,1960,Other (1.00)
Mongolia,1970,Other (1.00)
Mongolia,1980,Other (1.00)
Mongolia,1990,Other (1.00)
Mongolia,2000,Other (1.00)
Mongolia,2010,Other (1.00)
Montenegro,1950,Other (1.00)
Montenegro,1960,Other (1.00)
Montenegro,1970,Other (1.00)
Montenegro,1980,Other (1.00)
Montenegro,1990,Other (1.00)
Montenegro,2000,Other (1.00)
Montenegro,2010,Other (1.00)
Morocco,1820,Other (1.00)
Morocco,1870,Other (1.00)
Morocco,1910,Other (1.00)
Morocco,1950,Other (1.00)
Morocco,1960,Other (1.00)
Morocco,1970,Other (1.00)
Morocco,1980,Other (1.00)
Morocco,1990,Other (1.00)
Morocco,2000,Other (1.00)
Morocco,2010,Other (1.00)
Mozambique,1820,Other (1.00)
Mozambique,1950,Other (1.00)
Mozambique,1960,Other (1.00)
Mozambique,1970,Other (1.00)
Mozambique,1980,Other (1.00)
Mozambique,1990,Other (1.00)
Mozambique,2000,Other (1.00)
Mozambique,2010,Other (1.00)
Myanmar,1820,Other (1.00)
Myanmar,1850,Other (1.00)
Myanmar,1870,Other (1.00)
Myanmar,1890,Other (1.00)
Myanmar,1900,Other (1.00)
Myanmar,1910,Other (1.00)
Myanmar,1920,Other (1.00)
Myanmar,1930,Other (1.00)
Myanmar,1940,Other (1.00)
Myanmar,1950,Other (1.00)
Myanmar,1960,Other (1.00)
Myanmar,1970,Other (1.00)
Myanmar,1980,Other (1.00)
Myanmar,1990,Other (1.00)
Myanmar,2000,Other (1.00)
Myanmar,2010,Other (1.00)
Namibia,1950,Other (1.00)
Namibia,1960,Other (1.00)
Namibia,1970,Other (1.00)
Namibia,1980,Other (1.00)
Namibia,1990,Other (1.00)
Namibia,2000,Other (1.00)
Namibia,2010,Other (1.00)
Nepal,1820,Other (1.00)
Nepal,1850,Other (1.00)
Nepal,1870,Other (1.00)
Nepal,1890,Other (1.00)
Nepal,1900,Other (1.00)
Nepal,1910,Other (1.00)
Nepal,1950,Other (1.00)
Nepal,1960,Other (1.00)
Nepal,1970,Other (1.00)
Nepal,1980,Other (1.00)
Nepal,1990,Other (1.00)
Nepal,2000,Other (1.00)
Nepal,2010,Other (1.00)
Netherlands,1750,Other (1.00)
Netherlands,1760,Other (1.00)
Netherlands,1770,Other (1.00)
Netherlands,1780,Other (1.00)
Netherlands,1790,Other (1.00)
Netherlands,1800,Other (1.00)
Netherlands,1810,Other (1.00)
Netherlands,1820,Other (1.00)
Netherlands,1830,Other (1.00)
Netherlands,1840,Other (1.00)
Netherlands,1850,Other (1.00)
Netherlands,1860,Other (1.00)
Netherlands,1870,Other (1.00)
Netherlands,1880,Other (1.00)
Netherlands,1890,Other (1.00)
Netherlands,1900,Other (1.00)
Netherlands,1910,Other (1.00)
Netherlands,1920,Other (1.00)
Netherlands,1930,Other (1.00)
Netherlands,1940,Other (1.00)
Netherlands,1950,Other (1.00)
Netherlands,1960,Other (1.00)
Netherlands,1970,Other (1.00)
Netherlands,1980,Other (1.00)
Netherlands,1990,Other (1.00)
Netherlands,2000,Other (1.00)
Netherlands,2010,Other (1.00)
New Zealand,1820,Other (1.00)
New Zealand,1830,Other (1.00)
New Zealand,1840,Other (1.00)
New Zealand,1850,Other (1.00)
New Zealand,1860,Other (1.00)
New Zealand,1870,Other (1.00)
New Zealand,1880,Other (1.00)
New Zealand,1890,Other (1.00)
New Zealand,1900,Other (1.00)
New Zealand,1910,Other (1.00)
New Zealand,1920,Other (1.00)
New Zealand,1930,Other (1.00)
New Zealand,1940,Other (1.00)
New Zealand,1950,Other (1.00)
New Zealand,1960,Other (1.00)
New Zealand,1970,Other (1.00)
New Zealand,1980,Other (1.00)
New Zealand,1990,Other (1.00)
New Zealand,2000,Other (1.00)
New Zealand,2010,Other (1.00)
Nicaragua,1820,Other (1.00)
Nicaragua,1850,Other (1.00)
Nicaragua,1870,Other (1.00)
Nicaragua,1900,Other (1.00)
Nicaragua,1910,Other (1.00)
Nicaragua,1920,Other (1.00)
Nicaragua,1930,Other (1.00)
Nicaragua,1940,Other (1.00)
Nicaragua,1950,Other (1.00)
Nicaragua,1960,Other (1.00)
Nicaragua,1970,Other (1.00)
Nicaragua,1980,Other (1.00)
Nicaragua,1990,Other (1.00)
Nicaragua,2000,Other (1.00)
Nicaragua,2010,Other (1.00)
Niger,1950,Other (1.00)
Niger,1960,Other (1.00)
Niger,1970,Other (1.00)
Niger,1980,Other (1.00)
Niger,1990,Other (1.00)
Niger,2000,Other (1.00)
Niger,2010,Other (1.00)
Nigeria,1950,Other (1.00)
Nigeria,1960,Other (1.00)
Nigeria,1970,Other (1.00)
Nigeria,1980,Other (1.00)
Nigeria,1990,Other (1.00)
Nigeria,2000,Other (1.00)
Nigeria,2010,Other (1.00)
Norway,1820,Other (1.00)
Norway,1830,Other (1.00)
Norway,1840,Other (1.00)
Norway,1850,Other (1.00)
Norway,1860,Other (1.00)
Norway,1870,Other (1.00)
Norway,1880,Other (1.00)
Norway,1890,Other (1.00)
Norway,1900,Other (1.00)
Norway,1910,Other (1.00)
Norway,1920,Other (1.00)
Norway,1930,Other (1.00)
Norway,1940,Other (1.00)
Norway,1950,Other (1.00)
Norway,1960,Other (1.00)
Norway,1970,Other (1.00)
Norway,1980,Other (1.00)
Norway,1990,Other (1.00)
Norway,2000,Other (1.00)
Norway,2010,Other (1.00)
Oman,1820,Other (1.00)
Oman,1870,Other (1.00)
Oman,1910,Other (1.00)
Oman,1950,Other (1.00)
Oman,1960,Other (1.00)
Oman,1970,Other (1.00)
Oman,1980,Other (1.00)
Oman,1990,Other (1.00)
Oman,2000,Other (1.00)
Oman,2010,Other (1.00)
Pakistan,1950,Other (1.00)
Pakistan,1960,Other (1.00)
Pakistan,1970,Other (1.00)
Pakistan,1980,Other (1.00)
Pakistan,1990,Other (1.00)
Pakistan,2000,Other (1.00)
Pakistan,2010,Other (1.00)
Panama,1850,Other (1.00)
Panama,1870,Other (1.00)
Panama,1900,Other (1.00)
Panama,1910,Other (1.00)
Panama,1920,Other (1.00)
Panama,1930,Other (1.00)
Panama,1940,Other (1.00)
Panama,1950,Other (1.00)
Panama,1960,Other (1.00)
Panama,1970,Other (1.00)
Panama,1980,Other (1.00)
Panama,1990,Other (1.00)
Panama,2000,Other (1.00)
Panama,2010,Other (1.00)
Paraguay,1820,Other (1.00)
Paraguay,1850,Other (1.00)
Paraguay,1870,Other (1.00)
Paraguay,1900,Other (1.00)
Paraguay,1910,Other (1.00)
Paraguay,1920,Other (1.00)
Paraguay,1930,Other (1.00)
Paraguay,1940,Other (1.00)
Paraguay,1950,Other (1.00)
Paraguay,1960,Other (1.00)
Paraguay,1970,Other (1.00)
Paraguay,1980,Other (1.00)
Paraguay,1990,Other (1.00)
Paraguay,2000,Other (1.00)
Paraguay,2010,Other (1.00)
Peru,1750,Other (1.00)
Peru,1760,Other (1.00)
Peru,1770,Other (1.00)
Peru,1780,Other (1.00)
Peru,1790,Other (1.00)
Peru,1800,Other (1.00)
Peru,1810,Other (1.00)
Peru,1820,Other (1.00)
Peru,1830,Other (1.00)
Peru,1840,Other (1.00)
Peru,1850,Other (1.00)
Peru,1860,Other (1.00)
Peru,1870,Other (1.00)
Peru,1880,Other (1.00)
Peru,1890,Other (1.00)
Peru,1900,Other (1.00)
Peru,1910,Other (1.00)
Peru,1920,Other (1.00)
Peru,1930,Other (1.00)
Peru,1940,Other (1.00)
Peru,1950,Other (1.00)
Peru,1960,Other (1.00)
Peru,1970,Other (1.00)
Peru,1980,Other (1.00)
Peru,1990,Other (1.00)
Peru,2000,Other (1.00)
Peru,2010,Other (1.00)
Philippines,1820,Other (1.00)
Philippines,1850,Other (1.00)
Philippines,1870,Other (1.00)
Philippines,1890,Other (1.00)
Philippines,1900,Other (1.00)
Philippines,1910,Other (1.00)
Philippines,1920,Other (1.00)
Philippines,1930,Other (1.00)
Philippines,1940,Other (1.00)
Philippines,1950,Other (1.00)
Philippines,1960,Other (1.00)
Philippines,1970,Other (1.00)
Philippines,1980,Other (1.00)
Philippines,1990,Other (1.00)
Philippines,2000,Other (1.00)
Philippines,2010,Other (1.00)
Poland,1750,Other (1.00)
Poland,1760,Other (1.00)
Poland,1770,Other (1.00)
Poland,1780,Other (1.00)
Poland,1790,Other (1.00)
Poland,1800,Other (1.00)
Poland,1810,Other (1.00)
Poland,1820,Other (1.00)
Poland,1830,Other (1.00)
Poland,1840,Other (1.00)
Poland,1850,Other (1.00)
Poland,1860,Other (1.00)
Poland,1870,Other (1.00)
Poland,1880,Other (1.00)
Poland,1890,Other (1.00)
Poland,1900,Other (1.00)
Poland,1910,Other (1.00)
Poland,1920,Other (1.00)
Poland,1930,Other (1.00)
Poland,1940,Other (1.00)
Poland,1950,Other (1.00)
Poland,1960,Other (1.00)
Poland,1970,Other (1.00)
Poland,1980,Other (1.00)
Poland,1990,Other (1.00)
Poland,2000,Other (1.00)
Poland,2010,Other (1.00)
Portugal,1750,Other (1.00)
Portugal,1760,Other (1.00)
Portugal,1770,Other (1.00)
Portugal,1780,Other (1.00)
Portugal,1790,Other (1.00)
Portugal,1800,Other (1.00)
Portugal,1810,Other (1.00)
Portugal,1820,Other (1.00)
Portugal,1830,Other (1.00)
Portugal,1840,Other (1.00)
Portugal,1850,Other (1.00)
Portugal,1860,Other (1.00)
Portugal,1870,Other (1.00)
Portugal,1880,Other (1.00)
Portugal,1890,Other (1.00)
Portugal,1900,Other (1.00)
Portugal,1910,Other (1.00)
Portugal,1920,Other (1.00)
Portugal,1930,Other (1.00)
Portugal,1940,Other (1.00)
Portugal,1950,Other (1.00)
Portugal,1960,Other (1.00)
Portugal,1970,Other (1.00)
Portugal,1980,Other (1.00)
Portugal,1990,Other (1.00)
Portugal,2000,Other (1.00)
Portugal,2010,Other (1.00)
Puerto Rico,1820,Other (1.00)
Puerto Rico,1850,Other (1.00)
Puerto Rico,1870,Other (1.00)
Puerto Rico,1900,Other (1.00)
Puerto Rico,1910,Other (1.00)
Puerto Rico,1920,Other (1.00)
Puerto Rico,1930,Other (1.00)
Puerto Rico,1940,Other (1.00)
Puerto Rico,1950,Other (1.00)
Puerto Rico,1960,Other (1.00)
Puerto Rico,1970,Other (1.00)
Puerto Rico,1980,Other (1.00)
Puerto Rico,1990,Other (1.00)
Puerto Rico,2000,Other (1.00)
Puerto Rico,2010,Other (1.00)
Qatar,1950,Other (1.00)
Qatar,1960,Other (1.00)
Qatar,1970,Other (1.00)
Qatar,1980,Other (1.00)
Qatar,1990,Other (1.00)
Qatar,2000,Other (1.00)
Qatar,2010,Other (1.00)
Republic of Korea,1820,Other (1.00)
Republic of Korea,1850,Other (1.00)
Republic of Korea,1870,Other (1.00)
Republic of Korea,1890,Other (1.00)
Republic of Korea,1900,Other (1.00)
Republic of Korea,1910,Other (1.00)
Republic of Korea,1920,Other (1.00)
Republic of Korea,1930,Other (1.00)
Republic of Korea,1940,Other (1.00)
Republic of Korea,1950,Other (1.00)
Republic of Korea,1960,Other (1.00)
Republic of Korea,1970,Other (1.00)
Republic of Korea,1980,Other (1.00)
Republic of Korea,1990,Other (1.00)
Republic of Korea,2000,Other (1.00)
Republic of Korea,2010,Other (1.00)
Republic of Moldova,1950,Other (1.00)
Republic of Moldova,1960,Other (1.00)
Republic of Moldova,1970,Other (1.00)
Republic of Moldova,1980,Other (1.00)
Republic of Moldova,1990,Other (1.00)
Republic of Moldova,2000,Other (1.00)
Republic of Moldova,2010,Other (1.00)
Romania,1820,Other (1.00)
Romania,1850,Other (1.00)
Romania,1860,Other (1.00)
Romania,1870,Other (1.00)
Romania,1880,Other (1.00)
Romania,1890,Other (1.00)
Romania,1900,Other (1.00)
Romania,1910,Other (1.00)
Romania,1920,Other (1.00)
Romania,1930,Other (1.00)
Romania,1940,Other (1.00)
Romania,1950,Other (1.00)
Romania,1960,Other (1.00)
Romania,1970,Other (1.00)
Romania,1980,Other (1.00)
Romania,1990,Other (1.00)
Romania,2000,Other (1.00)
Romania,2010,Other (1.00)
Russian Federation,1950,Other (1.00)
Russian Federation,1960,Other (1.00)
Russian Federation,1970,Other (1.00)
Russian Federation,1980,Other (1.00)
Russian Federation,1990,Other (1.00)
Russian Federation,2000,Other (1.00)
Russian Federation,2010,Other (1.00)
Rwanda,1950,Other (1.00)
Rwanda,1960,Other (1.00)
Rwanda,1970,Other (1.00)
Rwanda,1980,Other (1.00)
Rwanda,1990,Other (1.00)
Rwanda,2000,Other (1.00)
Rwanda,2010,Other (1.00)
Saint Lucia,1950,Other (1.00)
Saint Lucia,1960,Other (1.00)
Saint Lucia,1970,Other (1.00)
Saint Lucia,1980,Other (1.00)
Saint Lucia,1990,Other (1.00)
Saint Lucia,2000,Other (1.00)
Saint Lucia,2010,Other (1.00)
Sao Tome and Principe,1950,Other (1.00)
Sao Tome and Principe,1960,Other (1.00)
Sao Tome and Principe,1970,Other (1.00)
Sao Tome and Principe,1980,Other (1.00)
Sao Tome and Principe,1990,Other (1.00)
Sao Tome and Principe,2000,Other (1.00)
Sao Tome and Principe,2010,Other (1.00)
Saudi Arabia,1820,Other (1.00)
Saudi Arabia,1870,Other (1.00)
Saudi Arabia,1910,Other (1.00)
Saudi Arabia,1950,Other (1.00)
Saudi Arabia,1960,Other (1.00)
Saudi Arabia,1970,Other (1.00)
Saudi Arabia,1980,Other (1.00)
Saudi Arabia,1990,Other (1.00)
Saudi Arabia,2000,Other (1.00)
Saudi Arabia,2010,Other (1.00)
Senegal,1950,Other (1.00)
Senegal,1960,Other (1.00)
Senegal,1970,Other (1.00)
Senegal,1980,Other (1.00)
Senegal,1990,Other (1.00)
Senegal,2000,Other (1.00)
Senegal,2010,Other (1.00)
Serbia,1950,Other (1.00)
Serbia,1960,Other (1.00)
Serbia,1970,Other (1.00)
Serbia,1980,Other (1.00)
Serbia,1990,Other (1.00)
Serbia,2000,Other (1.00)
Serbia,2010,Other (1.00)
Seychelles,1950,Other (1.00)
Seychelles,1960,Other (1.00)
Seychelles,1970,Other (1.00)
Seychelles,1980,Other (1.00)
Seychelles,1990,Other (1.00)
Seychelles,2000,Other (1.00)
Seychelles,2010,Other (1.00)
Sierra Leone,1950,Other (1.00)
Sierra Leone,1960,Other (1.00)
Sierra Leone,1970,Other (1.00)
Sierra Leone,1980,Other (1.00)
Sierra Leone,1990,Other (1.00)
Sierra Leone,2000,Other (1.00)
Sierra Leone,2010,Other (1.00)
Singapore,1820,Other (1.00)
Singapore,1850,Other (1.00)
Singapore,1870,Other (1.00)
Singapore,1890,Other (1.00)
Singapore,1900,Other (1.00)
Singapore,1910,Other (1.00)
Singapore,1920,Other (1.00)
Singapore,1930,Other (1.00)
Singapore,1940,Other (1.00)
Singapore,1950,Other (1.00)
Singapore,1960,Other (1.00)
Singapore,1970,Other (1.00)
Singapore,1980,Other (1.00)
Singapore,1990,Other (1.00)
Singapore,2000,Other (1.00)
Singapore,2010,Other (1.00)
Slovakia,1950,Other (1.00)
Slovakia,1960,Other (1.00)
Slovakia,1970,Other (1.00)
Slovakia,1980,Other (1.00)
Slovakia,1990,Other (1.00)
Slovakia,2000,Other (1.00)
Slovakia,2010,Other (1.00)
Slovenia,1950,Other (1.00)
Slovenia,1960,Other (1.00)
Slovenia,1970,Other (1.00)
Slovenia,1980,Other (1.00)
Slovenia,1990,Other (1.00)
Slovenia,2000,Other (1.00)
Slovenia,2010,Other (1.00)
South Africa,1750,Other (1.00)
South Africa,1760,Other (1.00)
South Africa,1770,Other (1.00)
South Africa,1780,Other (1.00)
South Africa,1790,Other (1.00)
South Africa,1800,Other (1.00)
South Africa,1810,Other (1.00)
South Africa,1820,Other (1.00)
South Africa,1830,Other (1.00)
South Africa,1840,Other (1.00)
South Africa,1850,Other (1.00)
South Africa,1860,Other (1.00)
South Africa,1870,Other (1.00)
South Africa,1880,Other (1.00)
South Africa,1890,Other (1.00)
South Africa,1900,Other (1.00)
South Africa,1910,Other (1.00)
South Africa,1920,Other (1.00)
South Africa,1930,Other (1.00)
South Africa,1940,Other (1.00)
South Africa,1950,Other (1.00)
South Africa,1960,Other (1.00)
South Africa,1970,Other (1.00)
South Africa,1980,Other (1.00)
South Africa,1990,Other (1.00)
South Africa,2000,Other (1.00)
South Africa,2010,Other (1.00)
Spain,1750,Other (1.00)
Spain,1760,Other (1.00)
Spain,1770,Other (1.00)
Spain,1780,Other (1.00)
Spain,1790,Other (1.00)
Spain,1800,Other (1.00)
Spain,1810,Other (1.00)
Spain,1820,Other (1.00)
Spain,1830,Other (1.00)
Spain,1840,Other (1.00)
Spain,1850,Other (1.00)
Spain,1860,Other (1.00)
Spain,1870,Other (1.00)
Spain,1880,Other (1.00)
Spain,1890,Other (1.00)
Spain,1900,Other (1.00)
Spain,1910,Other (1.00)
Spain,1920,Other (1.00)
Spain,1930,Other (1.00)
Spain,1940,Other (1.00)
Spain,1950,Other (1.00)
Spain,1960,Other (1.00)
Spain,1970,Other (1.00)
Spain,1980,Other (1.00)
Spain,1990,Other (1.00)
Spain,2000,Other (1.00)
Spain,2010,Other (1.00)
Sri Lanka,1820,Other (1.00)
Sri Lanka,1850,Other (1.00)
Sri Lanka,1870,Other (1.00)
Sri Lanka,1880,Other (1.00)
Sri Lanka,1890,Other (1.00)
Sri Lanka,1900,Other (1.00)
Sri Lanka,1910,Other (1.00)
Sri Lanka,1920,Other (1.00)
Sri Lanka,1930,Other (1.00)
Sri Lanka,1940,Other (1.00)
Sri Lanka,1950,Other (1.00)
Sri Lanka,1960,Other (1.00)
Sri Lanka,1970,Other (1.00)
Sri Lanka,1980,Other (1.00)
Sri Lanka,1990,Other (1.00)
Sri Lanka,2000,Other (1.00)
Sri Lanka,2010,Other (1.00)
State of Palestine,1820,Other (1.00)
State of Palestine,1870,Other (1.00)
State of Palestine,1910,Other (1.00)
State of Palestine,1950,Other (1.00)
State of Palestine,1960,Other (1.00)
State of Palestine,1970,Other (1.00)
State of Palestine,1980,Other (1.00)
State of Palestine,1990,Other (1.00)
State of Palestine,2000,Other (1.00)
State of Palestine,2010,Other (1.00)
Sudan (Former),1820,Other (1.00)
Sudan (Former),1950,Other (1.00)
Sudan (Former),1960,Other (1.00)
Sudan (Former),1970,Other (1.00)
Sudan (Former),1980,Other (1.00)
Sudan (Former),1990,Other (1.00)
Sudan (Former),2000,Other (1.00)
Sudan (Former),2010,Other (1.00)
Swaziland,1950,Other (1.00)
Swaziland,1960,Other (1.00)
Swaziland,1970,Other (1.00)
Swaziland,1980,Other (1.00)
Swaziland,1990,Other (1.00)
Swaziland,2000,Other (1.00)
Swaziland,2010,Other (1.00)
Sweden,1750,Other (1.00)
Sweden,1760,Other (1.00)
Sweden,1770,Other (1.00)
Sweden,1780,Other (1.00)
Sweden,1790,Other (1.00)
Sweden,1800,Other (1.00)
Sweden,1810,Other (1.00)
Sweden,1820,Other (1.00)
Sweden,1830,Other (1.00)
Sweden,1840,Other (1.00)
Sweden,1850,Other (1.00)
Sweden,1860,Other (1.00)
Sweden,1870,Other (1.00)
Sweden,1880,Other (1.00)
Sweden,1890,Other (1.00)
Sweden,1900,Other (1.00)
Sweden,1910,Other (1.00)
Sweden,1920,Other (1.00)
Sweden,1930,Other (1.00)
Sweden,1940,Other (1.00)
Sweden,1950,Other (1.00)
Sweden,1960,Other (1.00)
Sweden,1970,Other (1.00)
Sweden,1980,Other (1.00)
Sweden,1990,Other (1.00)
Sweden,2000,Other (1.00)
Sweden,2010,Other (1.00)
Switzerland,1820,Other (1.00)
Switzerland,1830,Other (1.00)
Switzerland,1840,Other (1.00)
Switzerland,1850,Other (1.00)
Switzerland,1860,Other (1.00)
Switzerland,1870,Other (1.00)
Switzerland,1880,Other (1.00)
Switzerland,1890,Other (1.00)
Switzerland,1900,Other (1.00)
Switzerland,1910,Other (1.00)
Switzerland,1920,Other (1.00)
Switzerland,1930,Other (1.00)
Switzerland,1940,Other (1.00)
Switzerland,1950,Other (1.00)
Switzerland,1960,Other (1.00)
Switzerland,1970,Other (1.00)
Switzerland,1980,Other (1.00)
Switzerland,1990,Other (1.00)
Switzerland,2000,Other (1.00)
Switzerland,2010,Other (1.00)
Syrian Arab Republic,1820,Other (1.00)
Syrian Arab Republic,1870,Other (1.00)
Syrian Arab Republic,1910,Other (1.00)
Syrian Arab Republic,1950,Other (1.00)
Syrian Arab Republic,1960,Other (1.00)
Syrian Arab Republic,1970,Other (1.00)
Syrian Arab Republic,1980,Other (1.00)
Syrian Arab Republic,1990,Other (1.00)
Syrian Arab Republic,2000,Other (1.00)
Syrian Arab Republic,2010,Other (1.00)
TFYR of Macedonia,1950,Other (1.00)
TFYR of Macedonia,1960,Other (1.00)
TFYR of Macedonia,1970,Other (1.00)
TFYR of Macedonia,1980,Other (1.00)
TFYR of Macedonia,1990,Other (1.00)
TFYR of Macedonia,2000,Other (1.00)
TFYR of Macedonia,2010,Other (1.00)
"Taiwan, Province of China",1820,Other (1.00)
"Taiwan, Province of China",1850,Other (1.00)
"Taiwan, Province of China",1870,Other (1.00)
"Taiwan, Province of China",1890,Other (1.00)
"Taiwan, Province of China",1900,Other (1.00)
"Taiwan, Province of China",1910,Other (1.00)
"Taiwan, Province of China",1920,Other (1.00)
"Taiwan, Province of China",1930,Other (1.00)
"Taiwan, Province of China",1940,Other (1.00)
"Taiwan, Province of China",1950,Other (1.00)
"Taiwan, Province of China",1960,Other (1.00)
"Taiwan, Province of China",1970,Other (1.00)
"Taiwan, Province of China",1980,Other (1.00)
"Taiwan, Province of China",1990,Other (1.00)
"Taiwan, Province of China",2000,Other (1.00)
"Taiwan, Province of China",2010,Other (1.00)
Tajikistan,1950,Other (1.00)
Tajikistan,1960,Other (1.00)
Tajikistan,1970,Other (1.00)
Tajikistan,1980,Other (1.00)
Tajikistan,1990,Other (1.00)
Tajikistan,2000,Other (1.00)
Tajikistan,2010,Other (1.00)
Thailand,1820,Other (1.00)
Thailand,1850,Other (1.00)
Thailand,1870,Other (1.00)
Thailand,1890,Other (1.00)
Thailand,1900,Other (1.00)
Thailand,1910,Other (1.00)
Thailand,1920,Other (1.00)
Thailand,1930,Other (1.00)
Thailand,1940,Other (1.00)
Thailand,1950,Other (1.00)
Thailand,1960,Other (1.00)
Thailand,1970,Other (1.00)
Thailand,1980,Other (1.00)
Thailand,1990,Other (1.00)
Thailand,2000,Other (1.00)
Thailand,2010,Other (1.00)
Togo,1950,Other (1.00)
Togo,1960,Other (1.00)
Togo,1970,Other (1.00)
Togo,1980,Other (1.00)
Togo,1990,Other (1.00)
Togo,2000,Other (1.00)
Togo,2010,Other (1.00)
Trinidad and Tobago,1820,Other (1.00)
Trinidad and Tobago,1850,Other (1.00)
Trinidad and Tobago,1870,Other (1.00)
Trinidad and Tobago,1900,Other (1.00)
Trinidad and Tobago,1910,Other (1.00)
Trinidad and Tobago,1920,Other (1.00)
Trinidad and Tobago,1930,Other (1.00)
Trinidad and Tobago,1940,Other (1.00)
Trinidad and Tobago,1950,Other (1.00)
Trinidad and Tobago,1960,Other (1.00)
Trinidad and Tobago,1970,Other (1.00)
Trinidad and Tobago,1980,Other (1.00)
Trinidad and Tobago,1990,Other (1.00)
Trinidad and Tobago,2000,Other (1.00)
Trinidad and Tobago,2010,Other (1.00)
Tunisia,1820,Other (1.00)
Tunisia,1870,Other (1.00)
Tunisia,1910,Other (1.00)
Tunisia,1950,Other (1.00)
Tunisia,1960,Other (1.00)
Tunisia,1970,Other (1.00)
Tunisia,1980,Other (1.00)
Tunisia,1990,Other (1.00)
Tunisia,2000,Other (1.00)
Tunisia,2010,Other (1.00)
Turkey,1750,Other (1.00)
Turkey,1820,Other (1.00)
Turkey,1870,Other (1.00)
Turkey,1910,Other (1.00)
Turkey,1920,Other (1.00)
Turkey,1930,Other (1.00)
Turkey,1940,Other (1.00)
Turkey,1950,Other (1.00)
Turkey,1960,Other (1.00)
Turkey,1970,Other (1.00)
Turkey,1980,Other (1.00)
Turkey,1990,Other (1.00)
Turkey,2000,Other (1.00)
Turkey,2010,Other (1.00)
Turkmenistan,1950,Other (1.00)
Turkmenistan,1960,Other (1.00)
Turkmenistan,1970,Other (1.00)
Turkmenistan,1980,Other (1.00)
Turkmenistan,1990,Other (1.00)
Turkmenistan,2000,Other (1.00)
Turkmenistan,2010,Other (1.00)
U.R. of Tanzania: Mainland,1950,Other (1.00)
U.R. of Tanzania: Mainland,1960,Other (1.00)
U.R. of Tanzania: Mainland,1970,Other (1.00)
U.R. of Tanzania: Mainland,1980,Other (1.00)
U.R. of Tanzania: Mainland,1990,Other (1.00)
U.R. of Tanzania: Mainland,2000,Other (1.00)
U.R. of Tanzania: Mainland,2010,Other (1.00)
Uganda,1950,Other (1.00)
Uganda,1960,Other (1.00)
Uganda,1970,Other (1.00)
Uganda,1980,Other (1.00)
Uganda,1990,Other (1.00)
Uganda,2000,Other (1.00)
Uganda,2010,Other (1.00)
Ukraine,1950,Other (1.00)
Ukraine,1960,Other (1.00)
Ukraine,1970,Other (1.00)
Ukraine,1980,Other (1.00)
Ukraine,1990,Other (1.00)
Ukraine,2000,Other (1.00)
Ukraine,2010,Other (1.00)
United Arab Emirates,1950,Other (1.00)
United Arab Emirates,1960,Other (1.00)
United Arab Emirates,1970,Other (1.00)
United Arab Emirates,1980,Other (1.00)
United Arab Emirates,1990,Other (1.00)
United Arab Emirates,2000,Other (1.00)
United Arab Emirates,2010,Other (1.00)
United Kingdom,1750,Other (1.00)
United Kingdom,1760,Other (1.00)
United Kingdom,1770,Other (1.00)
United Kingdom,1780,Other (1.00)
United Kingdom,1790,Other (1.00)
United Kingdom,1800,Other (1.00)
United Kingdom,1810,Other (1.00)
United Kingdom,1820,Other (1.00)
United Kingdom,1830,Other (1.00)
United Kingdom,1840,Other (1.00)
United Kingdom,1850,Other (1.00)
United Kingdom,1860,Other (1.00)
United Kingdom,1870,Other (1.00)
United Kingdom,1880,Other (1.00)
United Kingdom,1890,Other (1.00)
United Kingdom,1900,Other (1.00)
United Kingdom,1910,Other (1.00)
United Kingdom,1920,Other (1.00)
United Kingdom,1930,Other (1.00)
United Kingdom,1940,Other (1.00)
United Kingdom,1950,Other (1.00)
United Kingdom,1960,Other (1.00)
United Kingdom,1970,Other (1.00)
United Kingdom,1980,Other (1.00)
United Kingdom,1990,Other (1.00)
United Kingdom,2000,Other (1.00)
United Kingdom,2010,Other (1.00)
United States,1770,Other (1.00)
United States,1800,Other (1.00)
United States,1810,Other (1.00)
United States,1820,Other (1.00)
United States,1830,Other (1.00)
United States,1840,Other (1.00)
United States,1850,Other (1.00)
United States,1860,Other (1.00)
United States,1870,Other (1.00)
United States,1880,Other (1.00)
United States,1890,Other (1.00)
United States,1900,Other (1.00)
United States,1910,Other (1.00)
United States,1920,Other (1.00)
United States,1930,Other (1.00)
United States,1940,Other (1.00)
United States,1950,Other (1.00)
United States,1960,Other (1.00)
United States,1970,Other (1.00)
United States,1980,Other (1.00)
United States,1990,Other (1.00)
United States,2000,Other (1.00)
United States,2010,Other (1.00)
Uruguay,1800,Other (1.00)
Uruguay,1820,Other (1.00)
Uruguay,1850,Other (1.00)
Uruguay,1860,Other (1.00)
Uruguay,1870,Other (1.00)
Uruguay,1880,Other (1.00)
Uruguay,1890,Other (1.00)
Uruguay,1900,Other (1.00)
Uruguay,1910,Other (1.00)
Uruguay,1920,Other (1.00)
Uruguay,1930,Other (1.00)
Uruguay,1940,Other (1.00)
Uruguay,1950,Other (1.00)
Uruguay,1960,Other (1.00)
Uruguay,1970,Other (1.00)
Uruguay,1980,Other (1.00)
Uruguay,1990,Other (1.00)
Uruguay,2000,Other (1.00)
Uruguay,2010,Other (1.00)
Uzbekistan,1950,Other (1.00)
Uzbekistan,1960,Other (1.00)
Uzbekistan,1970,Other (1.00)
Uzbekistan,1980,Other (1.00)
Uzbekistan,1990,Other (1.00)
Uzbekistan,2000,Other (1.00)
Uzbekistan,2010,Other (1.00)
Venezuela (Bolivarian Republic of),1800,Other (1.00)
Venezuela (Bolivarian Republic of),1820,Other (1.00)
Venezuela (Bolivarian Republic of),1830,Other (1.00)
Venezuela (Bolivarian Republic of),1840,Other (1.00)
Venezuela (Bolivarian Republic of),1850,Other (1.00)
Venezuela (Bolivarian Republic of),1860,Other (1.00)
Venezuela (Bolivarian Republic of),1870,Other (1.00)
Venezuela (Bolivarian Republic of),1880,Other (1.00)
Venezuela (Bolivarian Republic of),1890,Other (1.00)
Venezuela (Bolivarian Republic of),1900,Other (1.00)
Venezuela (Bolivarian Republic of),1910,Other (1.00)
Venezuela (Bolivarian Republic of),1920,Other (1.00)
Venezuela (Bolivarian Republic of),1930,Other (1.00)
Venezuela (Bolivarian Republic of),1940,Other (1.00)
Venezuela (Bolivarian Republic of),1950,Other (1.00)
Venezuela (Bolivarian Republic of),1960,Other (1.00)
Venezuela (Bolivarian Republic of),1970,Other (1.00)
Venezuela (Bolivarian Republic of),1980,Other (1.00)
Venezuela (Bolivarian Republic of),1990,Other (1.00)
Venezuela (Bolivarian Republic of),2000,Other (1.00)
Venezuela (Bolivarian Republic of),2010,Other (1.00)
Viet Nam,1820,Other (1.00)
Viet Nam,1870,Other (1.00)
Viet Nam,1910,Other (1.00)
Viet Nam,1950,Other (1.00)
Viet Nam,1960,Other (1.00)
Viet Nam,1970,Other (1.00)
Viet Nam,1980,Other (1.00)
Viet Nam,1990,Other (1.00)
Viet Nam,2000,Other (1.00)
Viet Nam,2010,Other (1.00)
Yemen,1820,Other (1.00)
Yemen,1870,Other (1.00)
Yemen,1910,Other (1.00)
Yemen,1950,Other (1.00)
Yemen,1960,Other (1.00)
Yemen,1970,Other (1.00)
Yemen,1980,Other (1.00)
Yemen,1990,Other (1.00)
Yemen,2000,Other (1.00)
Yemen,2010,Other (1.00)
Zambia,1950,Other (1.00)
Zambia,1960,Other (1.00)
Zambia,1970,Other (1.00)
Zambia,1980,Other (1.00)
Zambia,1990,Other (1.00)
Zambia,2000,Other (1.00)
Zambia,2010,Other (1.00)
Zimbabwe,1950,Other (1.00)
Zimbabwe,1960,Other (1.00)
Zimbabwe,1970,Other (1.00)
Zimbabwe,1980,Other (1.00)
Zimbabwe,1990,Other (1.00)
Zimbabwe,2000,Other (1.00)
Zimbabwe,2010,Other (1.00)
