country,decade,allocation,GDPPP,GDPPP_pct
Afghanistan,1820,Other (1.00),,
Afghanistan,1870,Other (1.00),,
Afghanistan,1910,Other (1.00),,
Afghanistan,1950,Other (1.00),10946679,0.1
Afghanistan,1960,Other (1.00),14113783,0.08
Afghanistan,1970,Other (1.00),15181194,0.05
Afghanistan,1980,Other (1.00),15998889,0.04
Afghanistan,1990,Other (1.00),11925966,0.02
Afghanistan,2000,Other (1.00),24759963,0.03
Afghanistan,2010,Other (1.00),61047626,0.06
Albania,1820,Other (1.00),,
Albania,1850,Other (1.00),,
Albania,1870,Other (1.00),428733,0.02
Albania,1890,Other (1.00),691878,0.03
Albania,1900,Other (1.00),873600,0.03
Albania,1910,Other (1.00),1123448,0.03
Albania,1920,Other (1.00),1408694,0.03
Albania,1930,Other (1.00),,
Albania,1940,Other (1.00),,
Albania,1950,Other (1.00),2568035,0.02
Albania,1960,Other (1.00),4922830,0.03
Albania,1970,Other (1.00),8487497,0.03
Albania,1980,Other (1.00),11245586,0.03
Albania,1990,Other (1.00),11345648,0.02
Albania,2000,Other (1.00),20641517,0.03
Albania,2010,Other (1.00),30246946,0.03
Algeria,1820,French Empire (1.00),1841965,0.18
Algeria,1870,French Empire (1.00),4304640,0.24
Algeria,1910,French Empire (1.00),10191438,0.24
Algeria,1950,Other (1.00),23832802,0.23
Algeria,1960,Other (1.00),35084020,0.2
Algeria,1970,Other (1.00),64880803,0.22
Algeria,1980,Other (1.00),111138506,0.28
Algeria,1990,Other (1.00),146245042,0.28
Algeria,2000,Other (1.00),308129675,0.4
Algeria,2010,Other (1.00),529318232,0.49
Angola,1950,Other (1.00),7964056,0.08
Angola,1960,Other (1.00),12306380,0.07
Angola,1970,Other (1.00),13000802,0.04
Angola,1980,Other (1.00),9864375,0.02
Angola,1990,Other (1.00),14351527,0.03
Angola,2000,Other (1.00),55771714,0.07
Angola,2010,Other (1.00),161712232,0.15
Argentina,1800,Other (1.00),,
Argentina,1820,Other (1.00),849594,0.08
Argentina,1850,Other (1.00),2193400,0.17
Argentina,1860,Other (1.00),,
Argentina,1870,Other (1.00),4687560,0.26
Argentina,1880,Other (1.00),,
Argentina,1890,Other (1.00),15820949,0.6
Argentina,1900,Other (1.00),28935578,0.85
Argentina,1910,Other (1.00),42967662,1.01
Argentina,1920,Other (1.00),63789439,1.32
Argentina,1930,Other (1.00),80430545,1.41
Argentina,1940,Other (1.00),112169942,1.71
Argentina,1950,Other (1.00),153990665,1.46
Argentina,1960,Other (1.00),215639763,1.23
Argentina,1970,Other (1.00),326793062,1.12
Argentina,1980,Other (1.00),353567124,0.89
Argentina,1990,Other (1.00),460707975,0.89
Argentina,2000,Other (1.00),598736782,0.78
Argentina,2010,Other (1.00),831130859,0.77
Armenia,1950,Other (1.00),,
Armenia,1960,Other (1.00),,
Armenia,1970,Other (1.00),27457292,0.09
Armenia,1980,Other (1.00),32929025,0.08
Armenia,1990,Other (1.00),17340503,0.03
Armenia,2000,Other (1.00),22340977,0.03
Armenia,2010,Other (1.00),28424445,0.03
Australia,1820,British Empire (1.00),314036,0.03
Australia,1830,British Empire (1.00),582425,0.06
Australia,1840,British Empire (1.00),1205943,0.12
Australia,1850,British Empire (1.00),3908999,0.3
Australia,1860,British Empire (1.00),7065600,0.71
Australia,1870,British Empire (1.00),11490562,0.64
Australia,1880,British Empire (1.00),18322426,0.96
Australia,1890,British Empire (1.00),21219564,0.8
Australia,1900,British Empire (1.00),27424909,0.8
Australia,1910,British Empire (1.00),38166466,0.9
Australia,1920,British Empire (1.00),49429466,1.02
Australia,1930,British Empire (1.00),55461101,0.97
Australia,1940,British Empire (1.00),82394330,1.26
Australia,1950,Other (1.00),115454651,1.09
Australia,1960,Other (1.00),179989217,1.02
Australia,1970,Other (1.00),284252893,0.98
Australia,1980,Other (1.00),384895998,0.97
Australia,1990,Other (1.00),543849618,1.05
Australia,2000,Other (1.00),824266988,1.08
Australia,2010,Other (1.00),1115874802,1.03
Austria,1820,Other (1.00),6685580,0.64
Austria,1830,Other (1.00),8060112,0.88
Austria,1840,Other (1.00),9225783,0.88
Austria,1850,Other (1.00),10724614,0.83
Austria,1860,Other (1.00),12372394,1.25
Austria,1870,Other (1.00),14940254,0.83
Austria,1880,Other (1.00),18385484,0.96
Austria,1890,Other (1.00),23886345,0.9
Austria,1900,Other (1.00),30722913,0.9
Austria,1910,Other (1.00),31249449,0.74
Austria,1920,Other (1.00),33080846,0.69
Austria,1930,Other (1.00),34555858,0.61
Austria,1940,Other (1.00),35270001,0.54
Austria,1950,Other (1.00),53700572,0.51
Austria,1960,Other (1.00),88906348,0.51
Austria,1970,Other (1.00),140127896,0.48
Austria,1980,Other (1.00),178090346,0.45
Austria,1990,Other (1.00),235702481,0.45
Austria,2000,Other (1.00),309828165,0.4
Austria,2010,Other (1.00),358601637,0.33
Azerbaijan,1950,Other (1.00),,
Azerbaijan,1960,Other (1.00),,
Azerbaijan,1970,Other (1.00),39852579,0.14
Azerbaijan,1980,Other (1.00),54887028,0.14
Azerbaijan,1990,Other (1.00),34489465,0.07
Azerbaijan,2000,Other (1.00),71758975,0.09
Azerbaijan,2010,Other (1.00),155484190,0.14
Bahrain,1950,Other (1.00),511065,0.0
Bahrain,1960,Other (1.00),945968,0.01
Bahrain,1970,Other (1.00),1785071,0.01
Bahrain,1980,Other (1.00),2897211,0.01
Bahrain,1990,Other (1.00),5909959,0.01
Bahrain,2000,Other (1.00),21775218,0.03
Bahrain,2010,Other (1.00),53375959,0.05
Bangladesh,1950,Other (1.00),41956329,0.4
Bangladesh,1960,Other (1.00),55982930,0.32
Bangladesh,1970,Other (1.00),66042453,0.23
Bangladesh,1980,Other (1.00),90278711,0.23
Bangladesh,1990,Other (1.00),144116982,0.28
Bangladesh,2000,Other (1.00),275935266,0.36
Bangladesh,2010,Other (1.00),526873734,0.49
Barbados,1950,Other (1.00),922058,0.01
Barbados,1960,Other (1.00),1588999,0.01
Barbados,1970,Other (1.00),2590464,0.01
Barbados,1980,Other (1.00),3140136,0.01
Barbados,1990,Other (1.00),3194115,0.01
Barbados,2000,Other (1.00),3462718,0.0
Barbados,2010,Other (1.00),3450278,0.0
Belarus,1950,Other (1.00),,
Belarus,1960,Other (1.00),,
Belarus,1970,Other (1.00),77707623,0.27
Belarus,1980,Other (1.00),107091256,0.27
Belarus,1990,Other (1.00),90372866,0.17
Belarus,2000,Other (1.00),122239344,0.16
Belarus,2010,Other (1.00),174237753,0.16
Belgium,1750,Other (1.00),,
Belgium,1810,Other (1.00),,
Belgium,1820,Other (1.00),8427256,0.81
Belgium,1830,Other (1.00),,
Belgium,1840,Other (1.00),11833896,1.13
Belgium,1850,Other (1.00),14996679,1.16
Belgium,1860,Other (1.00),19121437,1.93
Belgium,1870,Other (1.00),23944522,1.34
Belgium,1880,Other (1.00),29417401,1.54
Belgium,1890,Other (1.00),35763556,1.35
Belgium,1900,Other (1.00),43580635,1.28
Belgium,1910,Other (1.00),46682989,1.1
Belgium,1920,Other (1.00),57030081,1.18
Belgium,1930,Other (1.00),63854142,1.12
Belgium,1940,Other (1.00),59872096,0.91
Belgium,1950,Other (1.00),86091432,0.81
Belgium,1960,Other (1.00),125432859,0.71
Belgium,1970,Other (1.00),193052534,0.66
Belgium,1980,Other (1.00),237880625,0.6
Belgium,1990,Other (1.00),297516542,0.57
Belgium,2000,Other (1.00),376380326,0.49
Belgium,2010,Other (1.00),431068369,0.4
Benin,1950,Other (1.00),2757806,0.03
Benin,1960,Other (1.00),3456252,0.02
Benin,1970,Other (1.00),4782238,0.02
Benin,1980,Other (1.00),7249774,0.02
Benin,1990,Other (1.00),10260792,0.02
Benin,2000,Other (1.00),14765246,0.02
Benin,2010,Other (1.00),21063163,0.02
Bolivia (Plurinational State of),1820,Other (1.00),,
Bolivia (Plurinational State of),1840,Other (1.00),,
Bolivia (Plurinational State of),1850,Other (1.00),,
Bolivia (Plurinational State of),1870,Other (1.00),,
Bolivia (Plurinational State of),1890,Other (1.00),,
Bolivia (Plurinational State of),1900,Other (1.00),2683670,0.08
Bolivia (Plurinational State of),1910,Other (1.00),3580360,0.08
Bolivia (Plurinational State of),1920,Other (1.00),4781761,0.1
Bolivia (Plurinational State of),1930,Other (1.00),5546964,0.1
Bolivia (Plurinational State of),1940,Other (1.00),8188325,0.12
Bolivia (Plurinational State of),1950,Other (1.00),8699587,0.08
Bolivia (Plurinational State of),1960,Other (1.00),11084273,0.06
Bolivia (Plurinational State of),1970,Other (1.00),18975992,0.07
Bolivia (Plurinational State of),1980,Other (1.00),21270724,0.05
Bolivia (Plurinational State of),1990,Other (1.00),28012674,0.05
Bolivia (Plurinational State of),2000,Other (1.00),40224390,0.05
Bolivia (Plurinational State of),2010,Other (1.00),63246615,0.06
Bosnia and Herzegovina,1950,Other (1.00),6227569,0.06
Bosnia and Herzegovina,1960,Other (1.00),11915450,0.07
Bosnia and Herzegovina,1970,Other (1.00),20470258,0.07
Bosnia and Herzegovina,1980,Other (1.00),28932285,0.07
Bosnia and Herzegovina,1990,Other (1.00),18977019,0.04
Bosnia and Herzegovina,2000,Other (1.00),31883904,0.04
Bosnia and Herzegovina,2010,Other (1.00),37417223,0.03
Botswana,1950,Other (1.00),240464,0.0
Botswana,1960,Other (1.00),348698,0.0
Botswana,1970,Other (1.00),1140059,0.0
Botswana,1980,Other (1.00),3483847,0.01
Botswana,1990,Other (1.00),9208715,0.02
Botswana,2000,Other (1.00),17923514,0.02
Botswana,2010,Other (1.00),30899496,0.03
Brazil,1800,Other (1.00),,
Brazil,1820,Other (1.00),3907569,0.38
Brazil,1850,Other (1.00),6431749,0.5
Brazil,1860,Other (1.00),,
Brazil,1870,Other (1.00),11676370,0.65
Brazil,1880,Other (1.00),13540642,0.71
Brazil,1890,Other (1.00),15173296,0.57
Brazil,1900,Other (1.00),18651447,0.55
Brazil,1910,Other (1.00),25691073,0.61
Brazil,1920,Other (1.00),40218162,0.83
Brazil,1930,Other (1.00),54397936,0.95
Brazil,1940,Other (1.00),84269271,1.29
Brazil,1950,Other (1.00),160098674,1.52
Brazil,1960,Other (1.00),307653277,1.75
Brazil,1970,Other (1.00),685964421,2.36
Brazil,1980,Other (1.00),1078268358,2.71
Brazil,1990,Other (1.00),1408775550,2.72
Brazil,2000,Other (1.00),2115491821,2.76
Brazil,2010,Other (1.00),3011697753,2.78
Bulgaria,1820,Other (1.00),,
Bulgaria,1850,Other (1.00),,
Bulgaria,1870,Other (1.00),3462654,0.19
Bulgaria,1890,Other (1.00),5815160,0.22
Bulgaria,1900,Other (1.00),6888000,0.2
Bulgaria,1910,Other (1.00),8371440,0.2
Bulgaria,1920,Other (1.00),10027370,0.21
Bulgaria,1930,Other (1.00),13748226,0.24
Bulgaria,1940,Other (1.00),15665109,0.24
Bulgaria,1950,Other (1.00),25565283,0.24
Bulgaria,1960,Other (1.00),48869604,0.28
Bulgaria,1970,Other (1.00),76718519,0.26
Bulgaria,1980,Other (1.00),89390008,0.22
Bulgaria,1990,Other (1.00),70477938,0.14
Bulgaria,2000,Other (1.00),90648239,0.12
Bulgaria,2010,Other (1.00),119218913,0.11
Burkina Faso,1950,Other (1.00),3908893,0.04
Burkina Faso,1960,Other (1.00),5456060,0.03
Burkina Faso,1970,Other (1.00),6536030,0.02
Burkina Faso,1980,Other (1.00),8929368,0.02
Burkina Faso,1990,Other (1.00),12300723,0.02
Burkina Faso,2000,Other (1.00),17196709,0.02
Burkina Faso,2010,Other (1.00),25371077,0.02
Burundi,1950,Other (1.00),1701024,0.02
Burundi,1960,Other (1.00),2201025,0.01
Burundi,1970,Other (1.00),3486028,0.01
Burundi,1980,Other (1.00),4972171,0.01
Burundi,1990,Other (1.00),5508008,0.01
Burundi,2000,Other (1.00),5256644,0.01
Burundi,2010,Other (1.00),7211336,0.01
Cabo Verde,1950,Other (1.00),172760,0.0
Cabo Verde,1960,Other (1.00),289052,0.0
Cabo Verde,1970,Other (1.00),378091,0.0
Cabo Verde,1980,Other (1.00),525609,0.0
Cabo Verde,1990,Other (1.00),935639,0.0
Cabo Verde,2000,Other (1.00),2202995,0.0
Cabo Verde,2010,Other (1.00),3423112,0.0
Cambodia,1820,French Empire (1.00),,
Cambodia,1870,French Empire (1.00),,
Cambodia,1910,French Empire (1.00),,
Cambodia,1950,Other (1.00),4355932,0.04
Cambodia,1960,Other (1.00),7219758,0.04
Cambodia,1970,Other (1.00),7932946,0.03
Cambodia,1980,Other (1.00),11298601,0.03
Cambodia,1990,Other (1.00),15791216,0.03
Cambodia,2000,Other (1.00),27380232,0.04
Cambodia,2010,Other (1.00),45667359,0.04
Cameroon,1950,Other (1.00),6167853,0.06
Cameroon,1960,Other (1.00),8538664,0.05
Cameroon,1970,Other (1.00),12425309,0.04
Cameroon,1980,Other (1.00),23349377,0.06
Cameroon,1990,Other (1.00),24153870,0.05
Cameroon,2000,Other (1.00),39653386,0.05
Cameroon,2010,Other (1.00),63216350,0.06
Canada,1820,British Empire (1.00),1175856,0.11
Canada,1830,British Empire (1.00),1863386,0.2
Canada,1840,British Empire (1.00),3142844,0.3
Canada,1850,British Empire (1.00),5268200,0.41
Canada,1860,British Empire (1.00),7792497,0.78
Canada,1870,British Empire (1.00),11193191,0.63
Canada,1880,British Empire (1.00),15539545,0.81
Canada,1890,British Empire (1.00),20067763,0.76
Canada,1900,British Empire (1.00),33865185,0.99
Canada,1910,British Empire (1.00),55001290,1.3
Canada,1920,British Empire (1.00),65086386,1.35
Canada,1930,British Empire (1.00),73022438,1.28
Canada,1940,British Empire (1.00),135758141,2.07
Canada,1950,Other (1.00),205036807,1.94
Canada,1960,Other (1.00),324340386,1.84
Canada,1970,Other (1.00),521414978,1.79
Canada,1980,Other (1.00),714681393,1.8
Canada,1990,Other (1.00),916850255,1.77
Canada,2000,Other (1.00),1278191068,1.67
Canada,2010,Other (1.00),1539750526,1.42
Central African Republic,1950,Other (1.00),1941585,0.02
Central African Republic,1960,Other (1.00),2421704,0.01
Central African Republic,1970,Other (1.00),2834547,0.01
Central African Republic,1980,Other (1.00),3050856,0.01
Central African Republic,1990,Other (1.00),3340446,0.01
Central African Republic,2000,Other (1.00),3898618,0.01
Central African Republic,2010,Other (1.00),3675219,0.0
Chad,1950,Other (1.00),2507008,0.02
Chad,1960,Other (1.00),3069135,0.02
Chad,1970,Other (1.00),3395717,0.01
Chad,1980,Other (1.00),3118638,0.01
Chad,1990,Other (1.00),4685224,0.01
Chad,2000,Other (1.00),10649689,0.01
Chad,2010,Other (1.00),26785612,0.02
Chile,1800,Other (1.00),,
Chile,1810,Other (1.00),,
Chile,1820,Other (1.00),729655,0.07
Chile,1830,Other (1.00),1043274,0.11
Chile,1840,Other (1.00),1474618,0.14
Chile,1850,Other (1.00),2171891,0.17
Chile,1860,Other (1.00),2976238,0.3
Chile,1870,Other (1.00),4110915,0.23
Chile,1880,Other (1.00),6349806,0.33
Chile,1890,Other (1.00),8844985,0.33
Chile,1900,Other (1.00),11365790,0.33
Chile,1910,Other (1.00),15426557,0.36
Chile,1920,Other (1.00),18379657,0.38
Chile,1930,Other (1.00),20217426,0.35
Chile,1940,Other (1.00),29814485,0.45
Chile,1950,Other (1.00),42760932,0.4
Chile,1960,Other (1.00),62771697,0.36
Chile,1970,Other (1.00),79936310,0.27
Chile,1980,Other (1.00),103510758,0.26
Chile,1990,Other (1.00),185842025,0.36
Chile,2000,Other (1.00),271107127,0.35
Chile,2010,Other (1.00),372255808,0.34
China,1750,Other (1.00),,
China,1760,Other (1.00),,
China,1770,Other (1.00),,
China,1780,Other (1.00),,
China,1790,Other (1.00),,
China,1800,Other (1.00),,
China,1810,Other (1.00),,
China,1820,Other (1.00),347010817,33.4
China,1830,Other (1.00),347154493,38.04
China,1840,Other (1.00),349788000,33.38
China,1850,Other (1.00),339762680,26.38
China,1860,Other (1.00),,
China,1870,Other (1.00),342541143,19.14
China,1880,Other (1.00),340511890,17.84
China,1890,Other (1.00),374976334,14.13
China,1900,Other (1.00),398757557,11.7
China,1910,Other (1.00),420153615,9.91
China,1920,Other (1.00),481039302,9.97
China,1930,Other (1.00),505343512,8.86
China,1940,Other (1.00),,
China,1950,Other (1.00),651658850,6.17
China,1960,Other (1.00),803321191,4.57
China,1970,Other (1.00),1407574587,4.84
China,1980,Other (1.00),2620265026,6.58
China,1990,Other (1.00),4516896275,8.71
China,2000,Other (1.00),8471806568,11.06
China,2010,Other (1.00),15769921225,14.56
"China, Hong Kong SAR",1820,Other (1.00),19244,0.0
"China, Hong Kong SAR",1850,Other (1.00),,
"China, Hong Kong SAR",1870,Other (1.00),134392,0.01
"China, Hong Kong SAR",1890,Other (1.00),,
"China, Hong Kong SAR",1900,Other (1.00),,
"China, Hong Kong SAR",1910,Other (1.00),1125212,0.03
"China, Hong Kong SAR",1920,Other (1.00),,
"China, Hong Kong SAR",1930,Other (1.00),,
"China, Hong Kong SAR",1940,Other (1.00),,
"China, Hong Kong SAR",1950,Other (1.00),10349795,0.1
"China, Hong Kong SAR",1960,Other (1.00),22988329,0.13
"China, Hong Kong SAR",1970,Other (1.00),51200557,0.18
"China, Hong Kong SAR",1980,Other (1.00),113729763,0.29
"China, Hong Kong SAR",1990,Other (1.00),189761405,0.37
"China, Hong Kong SAR",2000,Other (1.00),250141565,0.33
"China, Hong Kong SAR",2010,Other (1.00),334896317,0.31
Colombia,1800,Other (1.00),,
Colombia,1820,Other (1.00),1025100,0.1
Colombia,1850,Other (1.00),1618960,0.13
Colombia,1860,Other (1.00),,
Colombia,1870,Other (1.00),2636702,0.15
Colombia,1880,Other (1.00),,
Colombia,1890,Other (1.00),3767553,0.14
Colombia,1900,Other (1.00),4820649,0.14
Colombia,1910,Other (1.00),7633154,0.18
Colombia,1920,Other (1.00),14284850,0.3
Colombia,1930,Other (1.00),21945429,0.38
Colombia,1940,Other (1.00),31998185,0.49
Colombia,1950,Other (1.00),49615308,0.47
Colombia,1960,Other (1.00),79067322,0.45
Colombia,1970,Other (1.00),137066625,0.47
Colombia,1980,Other (1.00),205524585,0.52
Colombia,1990,Other (1.00),299355024,0.58
Colombia,2000,Other (1.00),393722282,0.51
Colombia,2010,Other (1.00),583567297,0.54
Comoros,1950,Other (1.00),95625,0.0
Comoros,1960,Other (1.00),172009,0.0
Comoros,1970,Other (1.00),275129,0.0
Comoros,1980,Other (1.00),428952,0.0
Comoros,1990,Other (1.00),554272,0.0
Comoros,2000,Other (1.00),803617,0.0
Comoros,2010,Other (1.00),1235116,0.0
Congo,1950,Other (1.00),1649992,0.02
Congo,1960,Other (1.00),2372297,0.01
Congo,1970,Other (1.00),3856916,0.01
Congo,1980,Other (1.00),7777154,0.02
Congo,1990,Other (1.00),9985647,0.02
Congo,2000,Other (1.00),16561706,0.02
Congo,2010,Other (1.00),28345411,0.03
Costa Rica,1820,Other (1.00),,
Costa Rica,1850,Other (1.00),,
Costa Rica,1870,Other (1.00),,
Costa Rica,1900,Other (1.00),,
Costa Rica,1910,Other (1.00),,
Costa Rica,1920,Other (1.00),1192159,0.02
Costa Rica,1930,Other (1.00),1434372,0.03
Costa Rica,1940,Other (1.00),1994997,0.03
Costa Rica,1950,Other (1.00),3750314,0.04
Costa Rica,1960,Other (1.00),7235246,0.04
Costa Rica,1970,Other (1.00),13875923,0.05
Costa Rica,1980,Other (1.00),18774342,0.05
Costa Rica,1990,Other (1.00),28588883,0.06
Costa Rica,2000,Other (1.00),43736469,0.06
Costa Rica,2010,Other (1.00),63603414,0.06
Croatia,1950,Other (1.00),14427515,0.14
Croatia,1960,Other (1.00),27137442,0.15
Croatia,1970,Other (1.00),47294083,0.16
Croatia,1980,Other (1.00),62903181,0.16
Croatia,1990,Other (1.00),47339965,0.09
Croatia,2000,Other (1.00),69505129,0.09
Croatia,2010,Other (1.00),79857884,0.07
Cuba,1750,Other (1.00),,
Cuba,1770,Other (1.00),,
Cuba,1790,Other (1.00),,
Cuba,1820,Other (1.00),476135,0.05
Cuba,1840,Other (1.00),,
Cuba,1850,Other (1.00),1053168,0.08
Cuba,1860,Other (1.00),,
Cuba,1870,Other (1.00),,
Cuba,1880,Other (1.00),,
Cuba,1890,Other (1.00),,
Cuba,1900,Other (1.00),3577063,0.1
Cuba,1910,Other (1.00),5500414,0.13
Cuba,1920,Other (1.00),8024074,0.17
Cuba,1930,Other (1.00),7872981,0.14
Cuba,1940,Other (1.00),11360038,0.17
Cuba,1950,Other (1.00),17459161,0.17
Cuba,1960,Other (1.00),24110937,0.14
Cuba,1970,Other (1.00),33232501,0.11
Cuba,1980,Other (1.00),48043130,0.12
Cuba,1990,Other (1.00),37033438,0.07
Cuba,2000,Other (1.00),55833603,0.07
Cuba,2010,Other (1.00),84743978,0.08
Cyprus,1950,Other (1.00),1774536,0.02
Cyprus,1960,Other (1.00),2828554,0.02
Cyprus,1970,Other (1.00),4510157,0.02
Cyprus,1980,Other (1.00),7455277,0.02
Cyprus,1990,Other (1.00),13494166,0.03
Cyprus,2000,Other (1.00),22339702,0.03
Cyprus,2010,Other (1.00),26095110,0.02
Czech Republic,1950,Other (1.00),,
Czech Republic,1960,Other (1.00),,
Czech Republic,1970,Other (1.00),106305941,0.37
Czech Republic,1980,Other (1.00),132977769,0.33
Czech Republic,1990,Other (1.00),147570203,0.28
Czech Republic,2000,Other (1.00),221117562,0.29
Czech Republic,2010,Other (1.00),292383277,0.27
Czechoslovakia,1820,Other (1.00),10359921,1.0
Czechoslovakia,1850,Other (1.00),15910000,1.24
Czechoslovakia,1870,Other (1.00),18837525,1.05
Czechoslovakia,1890,Other (1.00),26995947,1.02
Czechoslovakia,1900,Other (1.00),33463352,0.98
Czechoslovakia,1910,Other (1.00),42720484,1.01
Czechoslovakia,1920,Other (1.00),52465859,1.09
Czechoslovakia,1930,Other (1.00),60730458,1.06
Czechoslovakia,1940,Other (1.00),69302462,1.06
Czechoslovakia,1950,Other (1.00),82036606,0.78
Czechoslovakia,1960,Other (1.00),125527254,0.71
Czechoslovakia,1970,Other (1.00),170109873,0.58
Czechoslovakia,1980,Other (1.00),204817463,0.51
Czechoslovakia,1990,Other (1.00),206783623,0.4
Czechoslovakia,2000,Other (1.00),307370105,0.4
Czechoslovakia,2010,Other (1.00),423207012,0.39
Côte d'Ivoire,1880,Other (1.00),,
Côte d'Ivoire,1930,Other (1.00),,
Côte d'Ivoire,1950,Other (1.00),5599053,0.05
Côte d'Ivoire,1960,Other (1.00),10589899,0.06
Côte d'Ivoire,1970,Other (1.00),20549555,0.07
Côte d'Ivoire,1980,Other (1.00),28592270,0.07
Côte d'Ivoire,1990,Other (1.00),32038629,0.06
Côte d'Ivoire,2000,Other (1.00),46541659,0.06
Côte d'Ivoire,2010,Other (1.00),76446394,0.07
D.P.R. of Korea,1820,Other (1.00),3270593,0.31
D.P.R. of Korea,1870,Other (1.00),3417499,0.19
D.P.R. of Korea,1910,Other (1.00),6063639,0.14
D.P.R. of Korea,1920,Other (1.00),,
D.P.R. of Korea,1930,Other (1.00),,
D.P.R. of Korea,1940,Other (1.00),,
D.P.R. of Korea,1950,Other (1.00),,
D.P.R. of Korea,1960,Other (1.00),,
D.P.R. of Korea,1970,Other (1.00),,
D.P.R. of Korea,1980,Other (1.00),,
D.P.R. of Korea,1990,Other (1.00),41848555,0.08
D.P.R. of Korea,2000,Other (1.00),41061060,0.05
D.P.R. of Korea,2010,Other (1.00),43148613,0.04
D.R. of the Congo,1950,Other (1.00),16659826,0.16
D.R. of the Congo,1960,Other (1.00),22343064,0.13
D.R. of the Congo,1970,Other (1.00),29028124,0.1
D.R. of the Congo,1980,Other (1.00),30339502,0.08
D.R. of the Congo,1990,Other (1.00),26092409,0.05
D.R. of the Congo,2000,Other (1.00),29596796,0.04
D.R. of the Congo,2010,Other (1.00),64558257,0.06
Denmark,1820,Other (1.00),2567107,0.25
Denmark,1830,Other (1.00),2836718,0.31
Denmark,1840,Other (1.00),3446216,0.33
Denmark,1850,Other (1.00),4354583,0.34
Denmark,1860,Other (1.00),5219829,0.53
Denmark,1870,Other (1.00),6520675,0.36
Denmark,1880,Other (1.00),7974707,0.42
Denmark,1890,Other (1.00),10407400,0.39
Denmark,1900,Other (1.00),14330593,0.42
Denmark,1910,Other (1.00),18411163,0.43
Denmark,1920,Other (1.00),24124536,0.5
Denmark,1930,Other (1.00),32251528,0.57
Denmark,1940,Other (1.00),34937843,0.53
Denmark,1950,Other (1.00),52787118,0.5
Denmark,1960,Other (1.00),80138740,0.46
Denmark,1970,Other (1.00),112242372,0.39
Denmark,1980,Other (1.00),137477251,0.35
Denmark,1990,Other (1.00),172474784,0.33
Denmark,2000,Other (1.00),225721529,0.29
Denmark,2010,Other (1.00),251064056,0.23
Djibouti,1950,Other (1.00),335889,0.0
Djibouti,1960,Other (1.00),568218,0.0
Djibouti,1970,Other (1.00),1000833,0.0
Djibouti,1980,Other (1.00),1092100,0.0
Djibouti,1990,Other (1.00),1203054,0.0
Djibouti,2000,Other (1.00),1479417,0.0
Djibouti,2010,Other (1.00),2324999,0.0
Dominica,1820,Other (1.00),,
Dominica,1850,Other (1.00),,
Dominica,1870,Other (1.00),,
Dominica,1900,Other (1.00),,
Dominica,1910,Other (1.00),,
Dominica,1920,Other (1.00),,
Dominica,1930,Other (1.00),,
Dominica,1940,Other (1.00),,
Dominica,1950,Other (1.00),63367,0.0
Dominica,1960,Other (1.00),83399,0.0
Dominica,1970,Other (1.00),137424,0.0
Dominica,1980,Other (1.00),215099,0.0
Dominica,1990,Other (1.00),329095,0.0
Dominica,2000,Other (1.00),494559,0.0
Dominica,2010,Other (1.00),668428,0.0
Dominican Republic,1950,Other (1.00),5157993,0.05
Dominican Republic,1960,Other (1.00),8185166,0.05
Dominican Republic,1970,Other (1.00),16097089,0.06
Dominican Republic,1980,Other (1.00),24270771,0.06
Dominican Republic,1990,Other (1.00),37595794,0.07
Dominican Republic,2000,Other (1.00),73931468,0.1
Dominican Republic,2010,Other (1.00),131940987,0.12
Ecuador,1820,Other (1.00),,
Ecuador,1850,Other (1.00),,
Ecuador,1870,Other (1.00),769880,0.04
Ecuador,1880,Other (1.00),,
Ecuador,1890,Other (1.00),,
Ecuador,1900,Other (1.00),1803660,0.05
Ecuador,1910,Other (1.00),2610135,0.06
Ecuador,1920,Other (1.00),3306667,0.07
Ecuador,1930,Other (1.00),4174667,0.07
Ecuador,1940,Other (1.00),6465589,0.1
Ecuador,1950,Other (1.00),12474961,0.12
Ecuador,1960,Other (1.00),19992696,0.11
Ecuador,1970,Other (1.00),37281043,0.13
Ecuador,1980,Other (1.00),57103752,0.14
Ecuador,1990,Other (1.00),76713850,0.15
Ecuador,2000,Other (1.00),108561354,0.14
Ecuador,2010,Other (1.00),163832948,0.15
Egypt,1820,British Empire (1.00),4009464,0.39
Egypt,1870,British Empire (1.00),8423555,0.47
Egypt,1910,British Empire (1.00),20329056,0.48
Egypt,1950,Other (1.00),34390612,0.33
Egypt,1960,Other (1.00),53811098,0.31
Egypt,1970,Other (1.00),88231173,0.3
Egypt,1980,Other (1.00),184354628,0.46
Egypt,1990,Other (1.00),303869242,0.59
Egypt,2000,Other (1.00),601844759,0.79
Egypt,2010,Other (1.00),1030244051,0.95
El Salvador,1820,Other (1.00),,
El Salvador,1850,Other (1.00),,
El Salvador,1870,Other (1.00),,
El Salvador,1900,Other (1.00),,
El Salvador,1910,Other (1.00),,
El Salvador,1920,Other (1.00),2014026,0.04
El Salvador,1930,Other (1.00),2364123,0.04
El Salvador,1940,Other (1.00),3449101,0.05
El Salvador,1950,Other (1.00),5713279,0.05
El Salvador,1960,Other (1.00),9723720,0.06
El Salvador,1970,Other (1.00),15875401,0.05
El Salvador,1980,Other (1.00),15968750,0.04
El Salvador,1990,Other (1.00),23658273,0.05
El Salvador,2000,Other (1.00),37503916,0.05
El Salvador,2010,Other (1.00),49169927,0.05
Equatorial Guinea,1950,Other (1.00),203378,0.0
Equatorial Guinea,1960,Other (1.00),427158,0.0
Equatorial Guinea,1970,Other (1.00),639277,0.0
Equatorial Guinea,1980,Other (1.00),802812,0.0
Equatorial Guinea,1990,Other (1.00),2159314,0.0
Equatorial Guinea,2000,Other (1.00),18387030,0.02
Equatorial Guinea,2010,Other (1.00),27952448,0.03
Estonia,1850,Other (1.00),,
Estonia,1950,Other (1.00),,
Estonia,1960,Other (1.00),,
Estonia,1970,Other (1.00),19647782,0.07
Estonia,1980,Other (1.00),25449160,0.06
Estonia,1990,Other (1.00),20857357,0.04
Estonia,2000,Other (1.00),28188285,0.04
Estonia,2010,Other (1.00),31021250,0.03
Ethiopia,1820,Other (1.00),,
Ethiopia,1950,Other (1.00),14657391,0.14
Ethiopia,1960,Other (1.00),22413301,0.13
Ethiopia,1970,Other (1.00),32707087,0.11
Ethiopia,1980,Other (1.00),41265686,0.1
Ethiopia,1990,Other (1.00),43836335,0.08
Ethiopia,2000,Other (1.00),63044642,0.08
Ethiopia,2010,Other (1.00),140068306,0.13
Finland,1750,Other (1.00),,
Finland,1800,Other (1.00),,
Finland,1820,Other (1.00),1642563,0.16
Finland,1830,Other (1.00),,
Finland,1840,Other (1.00),,
Finland,1850,Other (1.00),2548426,0.2
Finland,1860,Other (1.00),2747085,0.28
Finland,1870,Other (1.00),3556242,0.2
Finland,1880,Other (1.00),4287280,0.22
Finland,1890,Other (1.00),5841893,0.22
Finland,1900,Other (1.00),7644611,0.22
Finland,1910,Other (1.00),8934387,0.21
Finland,1920,Other (1.00),11994192,0.25
Finland,1930,Other (1.00),17215845,0.3
Finland,1940,Other (1.00),21847888,0.33
Finland,1950,Other (1.00),33770167,0.32
Finland,1960,Other (1.00),53919490,0.31
Finland,1970,Other (1.00),82457637,0.28
Finland,1980,Other (1.00),112953881,0.28
Finland,1990,Other (1.00),135546126,0.26
Finland,2000,Other (1.00),190108820,0.25
Finland,2010,Other (1.00),205461792,0.19
Former USSR,1820,Other (1.00),,
Former USSR,1850,Other (1.00),,
Former USSR,1870,Other (1.00),,
Former USSR,1880,Other (1.00),,
Former USSR,1890,Other (1.00),181732421,6.85
Former USSR,1900,Other (1.00),244754550,7.18
Former USSR,1910,Other (1.00),290079782,6.84
Former USSR,1920,Other (1.00),247786519,5.14
Former USSR,1930,Other (1.00),515436360,9.03
Former USSR,1940,Other (1.00),640617462,9.77
Former USSR,1950,Other (1.00),1009632821,9.56
Former USSR,1960,Other (1.00),1653001382,9.4
Former USSR,1970,Other (1.00),2466514743,8.48
Former USSR,1980,Other (1.00),2976024262,7.48
Former USSR,1990,Other (1.00),2345960795,4.52
Former USSR,2000,Other (1.00),3473232895,4.53
Former USSR,2010,Other (1.00),5323365329,4.92
Former Yugoslavia,1820,Other (1.00),,
Former Yugoslavia,1850,Other (1.00),,
Former Yugoslavia,1870,Other (1.00),7245256,0.4
Former Yugoslavia,1890,Other (1.00),11986530,0.45
Former Yugoslavia,1900,Other (1.00),14783202,0.43
Former Yugoslavia,1910,Other (1.00),20660871,0.49
Former Yugoslavia,1920,Other (1.00),22914668,0.47
Former Yugoslavia,1930,Other (1.00),28096651,0.49
Former Yugoslavia,1940,Other (1.00),35414792,0.54
Former Yugoslavia,1950,Other (1.00),45241028,0.43
Former Yugoslavia,1960,Other (1.00),91638287,0.52
Former Yugoslavia,1970,Other (1.00),163340354,0.56
Former Yugoslavia,1980,Other (1.00),222262655,0.56
Former Yugoslavia,1990,Other (1.00),163167974,0.31
Former Yugoslavia,2000,Other (1.00),247396607,0.32
Former Yugoslavia,2010,Other (1.00),328532187,0.3
France,1750,French Empire (1.00),,
France,1760,French Empire (1.00),,
France,1770,French Empire (1.00),,
France,1780,French Empire (1.00),,
France,1820,French Empire (1.00),61691934,5.94
France,1830,French Empire (1.00),70311934,7.7
France,1840,French Empire (1.00),85182272,8.13
France,1850,French Empire (1.00),98782382,7.67
France,1860,French Empire (1.00),116067393,11.69
France,1870,French Empire (1.00),124119532,6.94
France,1880,French Empire (1.00),141589963,7.42
France,1890,French Empire (1.00),166656315,6.28
France,1900,French Empire (1.00),190630021,5.59
France,1910,French Empire (1.00),201720697,4.76
France,1920,French Empire (1.00),253807775,5.26
France,1930,French Empire (1.00),288618723,5.06
France,1940,French Empire (1.00),227124757,3.46
France,1950,NATO + Aligned (1.00),429840430,4.07
France,1960,NATO + Aligned (1.00),708537961,4.03
France,1970,NATO + Aligned (1.00),1116785750,3.84
France,1980,NATO + Aligned (1.00),1410386918,3.54
France,1990,NATO + Aligned (1.00),1752713476,3.38
France,2000,NATO + Aligned (1.00),2207641684,2.88
France,2010,NATO + Aligned (1.00),2446144885,2.26
Gabon,1950,Other (1.00),1452772,0.01
Gabon,1960,Other (1.00),2200574,0.01
Gabon,1970,Other (1.00),5223235,0.02
Gabon,1980,Other (1.00),6433197,0.02
Gabon,1990,Other (1.00),9914489,0.02
Gabon,2000,Other (1.00),16273532,0.02
Gabon,2010,Other (1.00),31962245,0.03
Gambia,1950,Other (1.00),322528,0.0
Gambia,1960,Other (1.00),564876,0.0
Gambia,1970,Other (1.00),790192,0.0
Gambia,1980,Other (1.00),1110156,0.0
Gambia,1990,Other (1.00),1546072,0.0
Gambia,2000,Other (1.00),2359934,0.0
Gambia,2010,Other (1.00),3411858,0.0
Georgia,1950,Other (1.00),,
Georgia,1960,Other (1.00),,
Georgia,1970,Other (1.00),46064416,0.16
Georgia,1980,Other (1.00),66817471,0.17
Georgia,1990,Other (1.00),28563601,0.06
Georgia,2000,Other (1.00),32063012,0.04
Georgia,2010,Other (1.00),50320794,0.05
Germany,1750,Other (1.00),,
Germany,1800,Other (1.00),,
Germany,1820,Other (1.00),41543401,4.0
Germany,1830,Other (1.00),,
Germany,1840,Other (1.00),,
Germany,1850,Other (1.00),81687224,6.34
Germany,1860,Other (1.00),104481193,10.52
Germany,1870,Other (1.00),130718229,7.31
Germany,1880,Other (1.00),156681806,8.21
Germany,1890,Other (1.00),211735635,7.98
Germany,1900,Other (1.00),286454780,8.41
Germany,1910,Other (1.00),322828596,7.61
Germany,1920,Other (1.00),344799231,7.15
Germany,1930,Other (1.00),448185231,7.86
Germany,1940,Other (1.00),481100908,7.34
Germany,1950,Other (1.00),616591243,5.84
Germany,1960,Other (1.00),1069132834,6.08
Germany,1970,Other (1.00),1533128847,5.27
Germany,1980,Other (1.00),1872392023,4.71
Germany,1990,Other (1.00),2326587810,4.48
Germany,2000,Other (1.00),3011944435,3.93
Germany,2010,Other (1.00),3631876770,3.35
Ghana,1870,British Empire (1.00),1105300,0.06
Ghana,1910,British Empire (1.00),2543535,0.06
Ghana,1950,Other (1.00),11504092,0.11
Ghana,1960,Other (1.00),17381080,0.1
Ghana,1970,Other (1.00),20975876,0.07
Ghana,1980,Other (1.00),21228195,0.05
Ghana,1990,Other (1.00),31587606,0.06
Ghana,2000,Other (1.00),49828849,0.07
Ghana,2010,Other (1.00),94387540,0.09
Greece,1820,Other (1.00),,
Greece,1830,Other (1.00),5187921,0.57
Greece,1840,Other (1.00),4888425,0.47
Greece,1850,Other (1.00),6145977,0.48
Greece,1860,Other (1.00),7110075,0.72
Greece,1870,Other (1.00),7447624,0.42
Greece,1880,Other (1.00),9738662,0.51
Greece,1890,Other (1.00),10130121,0.38
Greece,1900,Other (1.00),12268107,0.36
Greece,1910,Other (1.00),12211494,0.29
Greece,1920,Other (1.00),19596560,0.41
Greece,1930,Other (1.00),26357367,0.46
Greece,1940,Other (1.00),18832308,0.29
Greece,1950,Other (1.00),31273822,0.3
Greece,1960,Other (1.00),58998020,0.34
Greece,1970,Other (1.00),111458312,0.38
Greece,1980,Other (1.00),145922827,0.37
Greece,1990,Other (1.00),182774533,0.35
Greece,2000,Other (1.00),278233269,0.36
Greece,2010,Other (1.00),252283585,0.23
Guatemala,1820,Other (1.00),,
Guatemala,1850,Other (1.00),,
Guatemala,1870,Other (1.00),,
Guatemala,1900,Other (1.00),,
Guatemala,1910,Other (1.00),,
Guatemala,1920,Other (1.00),3893454,0.08
Guatemala,1930,Other (1.00),5801537,0.1
Guatemala,1940,Other (1.00),8442388,0.13
Guatemala,1950,Other (1.00),11436474,0.11
Guatemala,1960,Other (1.00),18202382,0.1
Guatemala,1970,Other (1.00),32102765,0.11
Guatemala,1980,Other (1.00),41968091,0.11
Guatemala,1990,Other (1.00),55667355,0.11
Guatemala,2000,Other (1.00),80727550,0.11
Guatemala,2010,Other (1.00),111709084,0.1
Guinea,1950,Other (1.00),1628518,0.02
Guinea,1960,Other (1.00),2408612,0.01
Guinea,1970,Other (1.00),3317756,0.01
Guinea,1980,Other (1.00),4130793,0.01
Guinea,1990,Other (1.00),6236545,0.01
Guinea,2000,Other (1.00),9924644,0.01
Guinea,2010,Other (1.00),15177266,0.01
Guinea-Bissau,1950,Other (1.00),370085,0.0
Guinea-Bissau,1960,Other (1.00),651302,0.0
Guinea-Bissau,1970,Other (1.00),968607,0.0
Guinea-Bissau,1980,Other (1.00),1041921,0.0
Guinea-Bissau,1990,Other (1.00),1400017,0.0
Guinea-Bissau,2000,Other (1.00),1646666,0.0
Guinea-Bissau,2010,Other (1.00),2344525,0.0
Haiti,1820,Other (1.00),,
Haiti,1850,Other (1.00),,
Haiti,1870,Other (1.00),,
Haiti,1900,Other (1.00),,
Haiti,1910,Other (1.00),,
Haiti,1920,Other (1.00),,
Haiti,1930,Other (1.00),,
Haiti,1940,Other (1.00),5179955,0.08
Haiti,1950,Other (1.00),6058602,0.06
Haiti,1960,Other (1.00),6605538,0.04
Haiti,1970,Other (1.00),8604113,0.03
Haiti,1980,Other (1.00),10856761,0.03
Haiti,1990,Other (1.00),10892314,0.02
Haiti,2000,Other (1.00),13555653,0.02
Haiti,2010,Other (1.00),17190104,0.02
Honduras,1820,Other (1.00),,
Honduras,1850,Other (1.00),,
Honduras,1870,Other (1.00),,
Honduras,1900,Other (1.00),,
Honduras,1910,Other (1.00),,
Honduras,1920,Other (1.00),1698896,0.04
Honduras,1930,Other (1.00),1989623,0.03
Honduras,1940,Other (1.00),2280377,0.03
Honduras,1950,Other (1.00),3410297,0.03
Honduras,1960,Other (1.00),5238600,0.03
Honduras,1970,Other (1.00),8382307,0.03
Honduras,1980,Other (1.00),12228202,0.03
Honduras,1990,Other (1.00),17331062,0.03
Honduras,2000,Other (1.00),27040528,0.04
Honduras,2010,Other (1.00),39689009,0.04
Hungary,1820,Other (1.00),,
Hungary,1850,Other (1.00),,
Hungary,1870,Other (1.00),10301497,0.58
Hungary,1890,Other (1.00),15548456,0.59
Hungary,1900,Other (1.00),19107487,0.56
Hungary,1910,Other (1.00),25285372,0.6
Hungary,1920,Other (1.00),28614923,0.59
Hungary,1930,Other (1.00),35267133,0.62
Hungary,1940,Other (1.00),33801156,0.52
Hungary,1950,Other (1.00),45700157,0.43
Hungary,1960,Other (1.00),71014761,0.4
Hungary,1970,Other (1.00),95745549,0.33
Hungary,1980,Other (1.00),112555536,0.28
Hungary,1990,Other (1.00),106523042,0.21
Hungary,2000,Other (1.00),173591176,0.23
Hungary,2010,Other (1.00),220193738,0.2
Iceland,1950,Other (1.00),1497169,0.01
Iceland,1960,Other (1.00),2476292,0.01
Iceland,1970,Other (1.00),4149761,0.01
Iceland,1980,Other (1.00),6383422,0.02
Iceland,1990,Other (1.00),7644527,0.01
Iceland,2000,Other (1.00),10935656,0.01
Iceland,2010,Other (1.00),13018817,0.01
India,1750,British Empire (1.00),,
India,1800,British Empire (1.00),,
India,1810,British Empire (1.00),,
India,1820,British Empire (1.00),199422647,19.19
India,1830,British Empire (1.00),209378925,22.94
India,1840,British Empire (1.00),217740114,20.78
India,1850,British Empire (1.00),226879703,17.61
India,1860,British Empire (1.00),222352525,22.39
India,1870,British Empire (1.00),216651655,12.11
India,1880,British Empire (1.00),239399275,12.54
India,1890,British Empire (1.00),261014460,9.83
India,1900,British Empire (1.00),298990656,8.77
India,1910,British Empire (1.00),332141850,7.83
India,1920,British Empire (1.00),352105668,7.3
India,1930,British Empire (1.00),396376678,6.95
India,1940,British Empire (1.00),404693710,6.17
India,1950,Other (1.00),416749120,3.94
India,1960,Other (1.00),602008020,3.42
India,1970,Other (1.00),846467120,2.91
India,1980,Other (1.00),1287278100,3.23
India,1990,Other (1.00),2134276517,4.11
India,2000,Other (1.00),3673077559,4.8
India,2010,Other (1.00),6876401149,6.35
Indonesia,1810,Other (1.00),,
Indonesia,1820,Other (1.00),15600746,1.5
Indonesia,1830,Other (1.00),16930051,1.85
Indonesia,1840,Other (1.00),17880809,1.71
Indonesia,1850,Other (1.00),18344826,1.42
Indonesia,1860,Other (1.00),21586754,2.17
Indonesia,1870,Other (1.00),28387670,1.59
Indonesia,1880,Other (1.00),41137960,2.15
Indonesia,1890,Other (1.00),46182058,1.74
Indonesia,1900,Other (1.00),54246650,1.59
Indonesia,1910,Other (1.00),70422215,1.66
Indonesia,1920,Other (1.00),88154437,1.83
Indonesia,1930,Other (1.00),105321690,1.85
Indonesia,1940,Other (1.00),122657430,1.87
Indonesia,1950,Other (1.00),130566132,1.24
Indonesia,1960,Other (1.00),167954855,0.96
Indonesia,1970,Other (1.00),310855232,1.07
Indonesia,1980,Other (1.00),521635332,1.31
Indonesia,1990,Other (1.00),980146240,1.89
Indonesia,2000,Other (1.00),1455378241,1.9
Indonesia,2010,Other (1.00),2527931839,2.33
Iran (Islamic Republic of),1820,Other (1.00),5753120,0.55
Iran (Islamic Republic of),1870,Other (1.00),8044740,0.45
Iran (Islamic Republic of),1910,Other (1.00),14017350,0.33
Iran (Islamic Republic of),1950,Other (1.00),50125801,0.47
Iran (Islamic Republic of),1960,Other (1.00),109905160,0.63
Iran (Islamic Republic of),1970,Other (1.00),286323821,0.98
Iran (Islamic Republic of),1980,Other (1.00),292130056,0.73
Iran (Islamic Republic of),1990,Other (1.00),446574210,0.86
Iran (Islamic Republic of),2000,Other (1.00),893208971,1.17
Iran (Islamic Republic of),2010,Other (1.00),1326269586,1.22
Iraq,1820,Other (1.00),958561,0.09
Iraq,1870,Other (1.00),1510480,0.08
Iraq,1910,Other (1.00),3331575,0.08
Iraq,1950,Other (1.00),19552692,0.19
Iraq,1960,Other (1.00),39885006,0.23
Iraq,1970,Other (1.00),78372114,0.27
Iraq,1980,Other (1.00),102182787,0.26
Iraq,1990,Other (1.00),50568521,0.1
Iraq,2000,Other (1.00),168563493,0.22
Iraq,2010,Other (1.00),448833122,0.41
Ireland,1820,Other (1.00),10396926,1.0
Ireland,1830,Other (1.00),,
Ireland,1840,Other (1.00),,
Ireland,1850,Other (1.00),,
Ireland,1860,Other (1.00),,
Ireland,1870,Other (1.00),15052543,0.84
Ireland,1880,Other (1.00),,
Ireland,1890,Other (1.00),,
Ireland,1900,Other (1.00),,
Ireland,1910,Other (1.00),18870047,0.44
Ireland,1920,Other (1.00),13090112,0.27
Ireland,1930,Other (1.00),13878395,0.24
Ireland,1940,Other (1.00),14680014,0.22
Ireland,1950,Other (1.00),17568406,0.17
Ireland,1960,Other (1.00),23130746,0.13
Ireland,1970,Other (1.00),36239591,0.12
Ireland,1980,Other (1.00),52058122,0.13
Ireland,1990,Other (1.00),89650820,0.17
Ireland,2000,Other (1.00),192368596,0.25
Ireland,2010,Other (1.00),251171397,0.23
Israel,1950,Other (1.00),9860054,0.09
Israel,1960,Other (1.00),23908903,0.14
Israel,1970,Other (1.00),50820043,0.17
Israel,1980,Other (1.00),76251471,0.19
Israel,1990,Other (1.00),119404227,0.23
Israel,2000,Other (1.00),174976131,0.23
Israel,2010,Other (1.00),243868322,0.23
Italy,1750,Other (1.00),,
Italy,1760,Other (1.00),,
Italy,1770,Other (1.00),,
Italy,1780,Other (1.00),,
Italy,1790,Other (1.00),,
Italy,1800,Other (1.00),,
Italy,1810,Other (1.00),,
Italy,1820,Other (1.00),56009773,5.39
Italy,1830,Other (1.00),60317754,6.61
Italy,1840,Other (1.00),63226981,6.03
Italy,1850,Other (1.00),63588615,4.94
Italy,1860,Other (1.00),71020317,7.15
Italy,1870,Other (1.00),77559387,4.33
Italy,1880,Other (1.00),89910689,4.71
Italy,1890,Other (1.00),100681214,3.79
Italy,1900,Other (1.00),123280237,3.62
Italy,1910,Other (1.00),144332939,3.4
Italy,1920,Other (1.00),168083807,3.48
Italy,1930,Other (1.00),198675115,3.48
Italy,1940,Other (1.00),195392669,2.98
Italy,1950,Other (1.00),352242883,3.33
Italy,1960,Other (1.00),631468023,3.59
Italy,1970,Other (1.00),967010897,3.32
Italy,1980,Other (1.00),1279865854,3.22
Italy,1990,Other (1.00),1614571452,3.11
Italy,2000,Other (1.00),1998173109,2.61
Italy,2010,Other (1.00),2038874039,1.88
Jamaica,1820,Other (1.00),447917,0.04
Jamaica,1850,Other (1.00),345933,0.03
Jamaica,1860,Other (1.00),,
Jamaica,1870,Other (1.00),421655,0.02
Jamaica,1880,Other (1.00),,
Jamaica,1890,Other (1.00),,
Jamaica,1900,Other (1.00),702741,0.02
Jamaica,1910,Other (1.00),814848,0.02
Jamaica,1920,Other (1.00),1000683,0.02
Jamaica,1930,Other (1.00),1490434,0.03
Jamaica,1940,Other (1.00),2697438,0.04
Jamaica,1950,Other (1.00),4601887,0.04
Jamaica,1960,Other (1.00),8408286,0.05
Jamaica,1970,Other (1.00),12326800,0.04
Jamaica,1980,Other (1.00),11821944,0.03
Jamaica,1990,Other (1.00),16005650,0.03
Jamaica,2000,Other (1.00),18906645,0.02
Jamaica,2010,Other (1.00),18992415,0.02
Japan,1750,Japanese Empire (1.00),,
Japan,1800,Japanese Empire (1.00),,
Japan,1820,Japanese Empire (1.00),41022311,3.95
Japan,1830,Japanese Empire (1.00),,
Japan,1840,Japanese Empire (1.00),45678161,4.36
Japan,1850,Japanese Empire (1.00),46719829,3.63
Japan,1860,Japanese Empire (1.00),,
Japan,1870,Japanese Empire (1.00),56464473,3.16
Japan,1880,Japanese Empire (1.00),67906700,3.56
Japan,1890,Japanese Empire (1.00),81132886,3.06
Japan,1900,Japanese Empire (1.00),103111171,3.03
Japan,1910,Japanese Empire (1.00),138930060,3.28
Japan,1920,Japanese Empire (1.00),197893349,4.1
Japan,1930,Japanese Empire (1.00),265219672,4.65
Japan,1940,Japanese Empire (1.00),302412007,4.61
Japan,1950,NATO + Aligned (1.00),384851954,3.64
Japan,1960,NATO + Aligned (1.00),948047270,5.39
Japan,1970,NATO + Aligned (1.00),2006273272,6.9
Japan,1980,NATO + Aligned (1.00),2926909802,7.36
Japan,1990,NATO + Aligned (1.00),3964645862,7.64
Japan,2000,NATO + Aligned (1.00),4374442666,5.71
Japan,2010,NATO + Aligned (1.00),4647147870,4.29
Jordan,1820,Other (1.00),190309,0.02
Jordan,1870,Other (1.00),296856,0.02
Jordan,1910,Other (1.00),554712,0.01
Jordan,1950,Other (1.00),2055621,0.02
Jordan,1960,Other (1.00),4889802,0.03
Jordan,1970,Other (1.00),8079024,0.03
Jordan,1980,Other (1.00),19163057,0.05
Jordan,1990,Other (1.00),26742579,0.05
Jordan,2000,Other (1.00),51154563,0.07
Jordan,2010,Other (1.00),92638289,0.09
Kazakhstan,1950,Other (1.00),,
Kazakhstan,1960,Other (1.00),,
Kazakhstan,1970,Other (1.00),170207391,0.59
Kazakhstan,1980,Other (1.00),183530210,0.46
Kazakhstan,1990,Other (1.00),144530878,0.28
Kazakhstan,2000,Other (1.00),230162955,0.3
Kazakhstan,2010,Other (1.00),404960985,0.37
Kenya,1950,Other (1.00),7825486,0.07
Kenya,1960,Other (1.00),11599849,0.07
Kenya,1970,Other (1.00),20594732,0.07
Kenya,1980,Other (1.00),32429128,0.08
Kenya,1990,Other (1.00),48202163,0.09
Kenya,2000,Other (1.00),76418621,0.1
Kenya,2010,Other (1.00),138661517,0.13
Kuwait,1950,Other (1.00),9344843,0.09
Kuwait,1960,Other (1.00),18373421,0.1
Kuwait,1970,Other (1.00),36075860,0.12
Kuwait,1980,Other (1.00),24440311,0.06
Kuwait,1990,Other (1.00),42576327,0.08
Kuwait,2000,Other (1.00),135024281,0.18
Kuwait,2010,Other (1.00),266884933,0.25
Kyrgyzstan,1950,Other (1.00),,
Kyrgyzstan,1960,Other (1.00),,
Kyrgyzstan,1970,Other (1.00),19389315,0.07
Kyrgyzstan,1980,Other (1.00),22594652,0.06
Kyrgyzstan,1990,Other (1.00),16862375,0.03
Kyrgyzstan,2000,Other (1.00),18136626,0.02
Kyrgyzstan,2010,Other (1.00),25155524,0.02
Lao People's DR,1820,Other (1.00),,
Lao People's DR,1870,Other (1.00),,
Lao People's DR,1910,Other (1.00),,
Lao People's DR,1950,Other (1.00),1511500,0.01
Lao People's DR,1960,Other (1.00),2049937,0.01
Lao People's DR,1970,Other (1.00),2930201,0.01
Lao People's DR,1980,Other (1.00),4738467,0.01
Lao People's DR,1990,Other (1.00),8480904,0.02
Lao People's DR,2000,Other (1.00),16968569,0.02
Lao People's DR,2010,Other (1.00),35850468,0.03
Latvia,1950,Other (1.00),,
Latvia,1960,Other (1.00),,
Latvia,1970,Other (1.00),30585074,0.11
Latvia,1980,Other (1.00),37591218,0.09
Latvia,1990,Other (1.00),26376667,0.05
Latvia,2000,Other (1.00),36323529,0.05
Latvia,2010,Other (1.00),41545826,0.04
Lebanon,1820,Other (1.00),359888,0.03
Lebanon,1870,Other (1.00),720664,0.04
Lebanon,1910,Other (1.00),1499839,0.04
Lebanon,1950,Other (1.00),9049103,0.09
Lebanon,1960,Other (1.00),12931649,0.07
Lebanon,1970,Other (1.00),17656181,0.06
Lebanon,1980,Other (1.00),13785207,0.03
Lebanon,1990,Other (1.00),21219653,0.04
Lebanon,2000,Other (1.00),50122593,0.07
Lebanon,2010,Other (1.00),97295413,0.09
Lesotho,1950,Other (1.00),553685,0.01
Lesotho,1960,Other (1.00),940111,0.01
Lesotho,1970,Other (1.00),1649971,0.01
Lesotho,1980,Other (1.00),2482323,0.01
Lesotho,1990,Other (1.00),3475986,0.01
Lesotho,2000,Other (1.00),3933978,0.01
Lesotho,2010,Other (1.00),5015398,0.0
Liberia,1950,Other (1.00),3140930,0.03
Liberia,1960,Other (1.00),4621858,0.03
Liberia,1970,Other (1.00),7166857,0.02
Liberia,1980,Other (1.00),7375074,0.02
Liberia,1990,Other (1.00),1821325,0.0
Liberia,2000,Other (1.00),2865783,0.0
Liberia,2010,Other (1.00),3690923,0.0
Libya,1820,Other (1.00),,
Libya,1950,Other (1.00),904726,0.01
Libya,1960,Other (1.00),5723789,0.03
Libya,1970,Other (1.00),18104327,0.06
Libya,1980,Other (1.00),21346503,0.05
Libya,1990,Other (1.00),32116847,0.06
Libya,2000,Other (1.00),93781852,0.12
Libya,2010,Other (1.00),97381007,0.09
Lithuania,1950,Other (1.00),,
Lithuania,1960,Other (1.00),,
Lithuania,1970,Other (1.00),39756288,0.14
Lithuania,1980,Other (1.00),49036213,0.12
Lithuania,1990,Other (1.00),36620096,0.07
Lithuania,2000,Other (1.00),52431749,0.07
Lithuania,2010,Other (1.00),67719717,0.06
Luxembourg,1950,Other (1.00),4222654,0.04
Luxembourg,1960,Other (1.00),5789513,0.03
Luxembourg,1970,Other (1.00),8168941,0.03
Luxembourg,1980,Other (1.00),10569870,0.03
Luxembourg,1990,Other (1.00),16744984,0.03
Luxembourg,2000,Other (1.00),24760381,0.03
Luxembourg,2010,Other (1.00),30811694,0.03
Madagascar,1820,Other (1.00),,
Madagascar,1950,Other (1.00),8264341,0.08
Madagascar,1960,Other (1.00),10807125,0.06
Madagascar,1970,Other (1.00),13593189,0.05
Madagascar,1980,Other (1.00),13507512,0.03
Madagascar,1990,Other (1.00),15595181,0.03
Madagascar,2000,Other (1.00),23100641,0.03
Madagascar,2010,Other (1.00),31783515,0.03
Malawi,1950,Other (1.00),1757902,0.02
Malawi,1960,Other (1.00),2538751,0.01
Malawi,1970,Other (1.00),4746705,0.02
Malawi,1980,Other (1.00),6820587,0.02
Malawi,1990,Other (1.00),9311540,0.02
Malawi,2000,Other (1.00),12343649,0.02
Malawi,2010,Other (1.00),19702042,0.02
Malaysia,1820,Other (1.00),275807,0.03
Malaysia,1850,Other (1.00),,
Malaysia,1870,Other (1.00),844000,0.05
Malaysia,1890,Other (1.00),,
Malaysia,1900,Other (1.00),2235632,0.07
Malaysia,1910,Other (1.00),4566343,0.11
Malaysia,1920,Other (1.00),8683958,0.18
Malaysia,1930,Other (1.00),13803332,0.24
Malaysia,1940,Other (1.00),12095683,0.18
Malaysia,1950,Other (1.00),16996774,0.16
Malaysia,1960,Other (1.00),26714824,0.15
Malaysia,1970,Other (1.00),52584431,0.18
Malaysia,1980,Other (1.00),102040910,0.26
Malaysia,1990,Other (1.00),216624151,0.42
Malaysia,2000,Other (1.00),387355231,0.51
Malaysia,2010,Other (1.00),637350579,0.59
Mali,1950,Other (1.00),3168766,0.03
Mali,1960,Other (1.00),4338881,0.02
Mali,1970,Other (1.00),6325903,0.02
Mali,1980,Other (1.00),8146330,0.02
Mali,1990,Other (1.00),10924077,0.02
Mali,2000,Other (1.00),16176662,0.02
Mali,2010,Other (1.00),22846419,0.02
Malta,1950,Other (1.00),612121,0.01
Malta,1960,Other (1.00),866513,0.0
Malta,1970,Other (1.00),1914648,0.01
Malta,1980,Other (1.00),3655900,0.01
Malta,1990,Other (1.00),6051550,0.01
Malta,2000,Other (1.00),8804508,0.01
Malta,2010,Other (1.00),12076340,0.01
Mauritania,1950,Other (1.00),805734,0.01
Mauritania,1960,Other (1.00),1440121,0.01
Mauritania,1970,Other (1.00),2252939,0.01
Mauritania,1980,Other (1.00),2680667,0.01
Mauritania,1990,Other (1.00),3756961,0.01
Mauritania,2000,Other (1.00),6719992,0.01
Mauritania,2010,Other (1.00),11652015,0.01
Mauritius,1950,Other (1.00),2297399,0.02
Mauritius,1960,Other (1.00),3738698,0.02
Mauritius,1970,Other (1.00),5549405,0.02
Mauritius,1980,Other (1.00),8657226,0.02
Mauritius,1990,Other (1.00),14020402,0.03
Mauritius,2000,Other (1.00),18494202,0.02
Mauritius,2010,Other (1.00),23897981,0.02
Mexico,1750,Other (1.00),,
Mexico,1760,Other (1.00),,
Mexico,1770,Other (1.00),,
Mexico,1780,Other (1.00),,
Mexico,1790,Other (1.00),,
Mexico,1800,Other (1.00),,
Mexico,1810,Other (1.00),,
Mexico,1820,Other (1.00),6633109,0.64
Mexico,1850,Other (1.00),8075748,0.63
Mexico,1860,Other (1.00),,
Mexico,1870,Other (1.00),10186157,0.57
Mexico,1880,Other (1.00),,
Mexico,1890,Other (1.00),22559538,0.85
Mexico,1900,Other (1.00),29342905,0.86
Mexico,1910,Other (1.00),32253448,0.76
Mexico,1920,Other (1.00),40626932,0.84
Mexico,1930,Other (1.00),42604406,0.75
Mexico,1940,Other (1.00),69333206,1.06
Mexico,1950,Other (1.00),130563362,1.24
Mexico,1960,Other (1.00),249627747,1.42
Mexico,1970,Other (1.00),471448180,1.62
Mexico,1980,Other (1.00),736486872,1.85
Mexico,1990,Other (1.00),966215499,1.86
Mexico,2000,Other (1.00),1408178938,1.84
Mexico,2010,Other (1.00),1842276067,1.7
Mongolia,1820,Other (1.00),,
Mongolia,1870,Other (1.00),,
Mongolia,1910,Other (1.00),,
Mongolia,1950,Other (1.00),655419,0.01
Mongolia,1960,Other (1.00),1127761,0.01
Mongolia,1970,Other (1.00),1961295,0.01
Mongolia,1980,Other (1.00),3639923,0.01
Mongolia,1990,Other (1.00),5037970,0.01
Mongolia,2000,Other (1.00),12483555,0.02
Mongolia,2010,Other (1.00),33599645,0.03
Montenegro,1950,Other (1.00),819425,0.01
Montenegro,1960,Other (1.00),1735805,0.01
Montenegro,1970,Other (1.00),3059083,0.01
Montenegro,1980,Other (1.00),4345586,0.01
Montenegro,1990,Other (1.00),2916726,0.01
Montenegro,2000,Other (1.00),5801045,0.01
Montenegro,2010,Other (1.00),10415050,0.01
Morocco,1820,French Empire (1.00),1841965,0.18
Morocco,1870,French Empire (1.00),3387072,0.19
Morocco,1910,French Empire (1.00),5785652,0.14
Morocco,1950,Other (1.00),24520476,0.23
Morocco,1960,Other (1.00),31460350,0.18
Morocco,1970,Other (1.00),51557473,0.18
Morocco,1980,Other (1.00),81858917,0.21
Morocco,1990,Other (1.00),117105308,0.23
Morocco,2000,Other (1.00),173227162,0.23
Morocco,2010,Other (1.00),263009001,0.24
Mozambique,1820,Other (1.00),,
Mozambique,1950,Other (1.00),13147002,0.12
Mozambique,1960,Other (1.00),18544101,0.11
Mozambique,1970,Other (1.00),25628865,0.09
Mozambique,1980,Other (1.00),21621068,0.05
Mozambique,1990,Other (1.00),20628651,0.04
Mozambique,2000,Other (1.00),20735916,0.03
Mozambique,2010,Other (1.00),24444406,0.02
Myanmar,1820,Other (1.00),2815318,0.27
Myanmar,1850,Other (1.00),,
Myanmar,1870,Other (1.00),3408735,0.19
Myanmar,1890,Other (1.00),,
Myanmar,1900,Other (1.00),11113301,0.33
Myanmar,1910,Other (1.00),14022012,0.33
Myanmar,1920,Other (1.00),16667665,0.35
Myanmar,1930,Other (1.00),20303790,0.36
Myanmar,1940,Other (1.00),,
Myanmar,1950,Other (1.00),15588578,0.15
Myanmar,1960,Other (1.00),23626589,0.13
Myanmar,1970,Other (1.00),32575504,0.11
Myanmar,1980,Other (1.00),49775893,0.13
Myanmar,1990,Other (1.00),59168304,0.11
Myanmar,2000,Other (1.00),134479939,0.18
Myanmar,2010,Other (1.00),247968938,0.23
Namibia,1950,Other (1.00),2197606,0.02
Namibia,1960,Other (1.00),3960733,0.02
Namibia,1970,Other (1.00),5538424,0.02
Namibia,1980,Other (1.00),6841783,0.02
Namibia,1990,Other (1.00),9188326,0.02
Namibia,2000,Other (1.00),13774975,0.02
Namibia,2010,Other (1.00),20933468,0.02
Nepal,1820,Other (1.00),2487721,0.24
Nepal,1850,Other (1.00),,
Nepal,1870,Other (1.00),3011418,0.17
Nepal,1890,Other (1.00),,
Nepal,1900,Other (1.00),,
Nepal,1910,Other (1.00),4905930,0.12
Nepal,1950,Other (1.00),8375805,0.08
Nepal,1960,Other (1.00),11003280,0.06
Nepal,1970,Other (1.00),13813108,0.05
Nepal,1980,Other (1.00),19101746,0.05
Nepal,1990,Other (1.00),30649672,0.06
Nepal,2000,Other (1.00),46081436,0.06
Nepal,2010,Other (1.00),67665897,0.06
Netherlands,1750,Other (1.00),,
Netherlands,1760,Other (1.00),,
Netherlands,1770,Other (1.00),,
Netherlands,1780,Other (1.00),,
Netherlands,1790,Other (1.00),,
Netherlands,1800,Other (1.00),,
Netherlands,1810,Other (1.00),,
Netherlands,1820,Other (1.00),7726962,0.74
Netherlands,1830,Other (1.00),9280089,1.02
Netherlands,1840,Other (1.00),10767479,1.03
Netherlands,1850,Other (1.00),12293625,0.95
Netherlands,1860,Other (1.00),13932770,1.4
Netherlands,1870,Other (1.00),16910960,0.95
Netherlands,1880,Other (1.00),21427719,1.12
Netherlands,1890,Other (1.00),25061230,0.94
Netherlands,1900,Other (1.00),30882685,0.91
Netherlands,1910,Other (1.00),38955170,0.92
Netherlands,1920,Other (1.00),58347680,1.21
Netherlands,1930,Other (1.00),69200736,1.21
Netherlands,1940,Other (1.00),64885493,0.99
Netherlands,1950,Other (1.00),118137252,1.12
Netherlands,1960,Other (1.00),186297558,1.06
Netherlands,1970,Other (1.00),289943204,1.0
Netherlands,1980,Other (1.00),351528203,0.88
Netherlands,1990,Other (1.00),476769611,0.92
Netherlands,2000,Other (1.00),664706633,0.87
Netherlands,2010,Other (1.00),760148444,0.7
New Zealand,1820,British Empire (1.00),82600,0.01
New Zealand,1830,British Empire (1.00),,
New Zealand,1840,British Empire (1.00),,
New Zealand,1850,British Empire (1.00),164160,0.01
New Zealand,1860,British Empire (1.00),465432,0.05
New Zealand,1870,British Empire (1.00),2256868,0.13
New Zealand,1880,British Empire (1.00),3464912,0.18
New Zealand,1890,British Empire (1.00),4434829,0.17
New Zealand,1900,British Empire (1.00),6839563,0.2
New Zealand,1910,British Empire (1.00),9322883,0.22
New Zealand,1920,British Empire (1.00),11137302,0.23
New Zealand,1930,British Empire (1.00),13143535,0.23
New Zealand,1940,British Empire (1.00),18951963,0.29
New Zealand,1950,Other (1.00),29019432,0.27
New Zealand,1960,Other (1.00),43345347,0.25
New Zealand,1970,Other (1.00),58904737,0.2
New Zealand,1980,Other (1.00),70342132,0.18
New Zealand,1990,Other (1.00),83999667,0.16
New Zealand,2000,Other (1.00),119776227,0.16
New Zealand,2010,Other (1.00),150940692,0.14
Nicaragua,1820,Other (1.00),,
Nicaragua,1850,Other (1.00),,
Nicaragua,1870,Other (1.00),,
Nicaragua,1900,Other (1.00),,
Nicaragua,1910,Other (1.00),,
Nicaragua,1920,Other (1.00),1427921,0.03
Nicaragua,1930,Other (1.00),1433126,0.03
Nicaragua,1940,Other (1.00),2129323,0.03
Nicaragua,1950,Other (1.00),3879559,0.04
Nicaragua,1960,Other (1.00),6916432,0.04
Nicaragua,1970,Other (1.00),11058078,0.04
Nicaragua,1980,Other (1.00),9737383,0.02
Nicaragua,1990,Other (1.00),10036828,0.02
Nicaragua,2000,Other (1.00),17378349,0.02
Nicaragua,2010,Other (1.00),27137076,0.03
Niger,1950,Other (1.00),3795597,0.04
Niger,1960,Other (1.00),5911841,0.03
Niger,1970,Other (1.00),6330717,0.02
Niger,1980,Other (1.00),7232379,0.02
Niger,1990,Other (1.00),6940773,0.01
Niger,2000,Other (1.00),9620971,0.01
Niger,2010,Other (1.00),16301314,0.02
Nigeria,1950,Other (1.00),46626573,0.44
Nigeria,1960,Other (1.00),63775721,0.36
Nigeria,1970,Other (1.00),129676679,0.45
Nigeria,1980,Other (1.00),143760623,0.36
Nigeria,1990,Other (1.00),203599296,0.39
Nigeria,2000,Other (1.00),458919391,0.6
Nigeria,2010,Other (1.00),971645651,0.9
Norway,1820,Other (1.00),1436454,0.14
Norway,1830,Other (1.00),1728011,0.19
Norway,1840,Other (1.00),2080308,0.2
Norway,1850,Other (1.00),2624512,0.2
Norway,1860,Other (1.00),3312474,0.33
Norway,1870,Other (1.00),4271420,0.24
Norway,1880,Other (1.00),4984019,0.26
Norway,1890,Other (1.00),6236289,0.23
Norway,1900,Other (1.00),7819346,0.23
Norway,1910,Other (1.00),10622835,0.25
Norway,1920,Other (1.00),13238829,0.27
Norway,1930,Other (1.00),17595892,0.31
Norway,1940,Other (1.00),21184434,0.32
Norway,1950,Other (1.00),33827614,0.32
Norway,1960,Other (1.00),50505911,0.29
Norway,1970,Other (1.00),77113449,0.27
Norway,1980,Other (1.00),110574528,0.28
Norway,1990,Other (1.00),172076174,0.33
Norway,2000,Other (1.00),306745631,0.4
Norway,2010,Other (1.00),420448832,0.39
Oman,1820,Other (1.00),,
Oman,1870,Other (1.00),,
Oman,1910,Other (1.00),,
Oman,1950,Other (1.00),644337,0.01
Oman,1960,Other (1.00),1703059,0.01
Oman,1970,Other (1.00),5815022,0.02
Oman,1980,Other (1.00),13336967,0.03
Oman,1990,Other (1.00),31605952,0.06
Oman,2000,Other (1.00),78362356,0.1
Oman,2010,Other (1.00),158622309,0.15
Pakistan,1950,Other (1.00),44368632,0.42
Pakistan,1960,Other (1.00),69283181,0.39
Pakistan,1970,Other (1.00),116334257,0.4
Pakistan,1980,Other (1.00),213938396,0.54
Pakistan,1990,Other (1.00),364037508,0.7
Pakistan,2000,Other (1.00),610119706,0.8
Pakistan,2010,Other (1.00),991435928,0.92
Panama,1850,Other (1.00),,
Panama,1870,Other (1.00),,
Panama,1900,Other (1.00),711843,0.02
Panama,1910,Other (1.00),1091979,0.03
Panama,1920,Other (1.00),1233206,0.03
Panama,1930,Other (1.00),1463312,0.03
Panama,1940,Other (1.00),2288525,0.03
Panama,1950,Other (1.00),2777120,0.03
Panama,1960,Other (1.00),5364575,0.03
Panama,1970,Other (1.00),9732798,0.03
Panama,1980,Other (1.00),15488627,0.04
Panama,1990,Other (1.00),22381096,0.04
Panama,2000,Other (1.00),36487553,0.05
Panama,2010,Other (1.00),70471370,0.07
Paraguay,1820,Other (1.00),,
Paraguay,1850,Other (1.00),,
Paraguay,1870,Other (1.00),,
Paraguay,1900,Other (1.00),,
Paraguay,1910,Other (1.00),,
Paraguay,1920,Other (1.00),,
Paraguay,1930,Other (1.00),2799697,0.05
Paraguay,1940,Other (1.00),3203714,0.05
Paraguay,1950,Other (1.00),3898118,0.04
Paraguay,1960,Other (1.00),5505772,0.03
Paraguay,1970,Other (1.00),9883891,0.03
Paraguay,1980,Other (1.00),18440050,0.05
Paraguay,1990,Other (1.00),25453308,0.05
Paraguay,2000,Other (1.00),34690942,0.05
Paraguay,2010,Other (1.00),55655207,0.05
Peru,1750,Other (1.00),,
Peru,1760,Other (1.00),,
Peru,1770,Other (1.00),,
Peru,1780,Other (1.00),,
Peru,1790,Other (1.00),,
Peru,1800,Other (1.00),,
Peru,1810,Other (1.00),,
Peru,1820,Other (1.00),900170,0.09
Peru,1830,Other (1.00),,
Peru,1840,Other (1.00),,
Peru,1850,Other (1.00),2415007,0.19
Peru,1860,Other (1.00),,
Peru,1870,Other (1.00),4271755,0.24
Peru,1880,Other (1.00),,
Peru,1890,Other (1.00),3210115,0.12
Peru,1900,Other (1.00),5215301,0.15
Peru,1910,Other (1.00),7643538,0.18
Peru,1920,Other (1.00),12290892,0.25
Peru,1930,Other (1.00),16408524,0.29
Peru,1940,Other (1.00),21697466,0.33
Peru,1950,Other (1.00),35715153,0.34
Peru,1960,Other (1.00),62804756,0.36
Peru,1970,Other (1.00),97488270,0.34
Peru,1980,Other (1.00),119298814,0.3
Peru,1990,Other (1.00),127159895,0.25
Peru,2000,Other (1.00),196491958,0.26
Peru,2010,Other (1.00),334769084,0.31
Philippines,1820,Other (1.00),2025856,0.19
Philippines,1850,Other (1.00),,
Philippines,1870,Other (1.00),5037685,0.28
Philippines,1890,Other (1.00),,
Philippines,1900,Other (1.00),9369269,0.27
Philippines,1910,Other (1.00),15664600,0.37
Philippines,1920,Other (1.00),24917827,0.52
Philippines,1930,Other (1.00),32366240,0.57
Philippines,1940,Other (1.00),29420126,0.45
Philippines,1950,Other (1.00),50807537,0.48
Philippines,1960,Other (1.00),84700144,0.48
Philippines,1970,Other (1.00),142334675,0.49
Philippines,1980,Other (1.00),200556144,0.5
Philippines,1990,Other (1.00),261878261,0.5
Philippines,2000,Other (1.00),415459130,0.54
Philippines,2010,Other (1.00),717010023,0.66
Poland,1750,Other (1.00),,
Poland,1760,Other (1.00),,
Poland,1770,Other (1.00),,
Poland,1780,Other (1.00),,
Poland,1790,Other (1.00),,
Poland,1800,Other (1.00),,
Poland,1810,Other (1.00),,
Poland,1820,Other (1.00),9253075,0.89
Poland,1830,Other (1.00),,
Poland,1840,Other (1.00),,
Poland,1850,Other (1.00),14771900,1.15
Poland,1860,Other (1.00),,
Poland,1870,Other (1.00),28501850,1.59
Poland,1880,Other (1.00),,
Poland,1890,Other (1.00),54387949,2.05
Poland,1900,Other (1.00),66825000,1.96
Poland,1910,Other (1.00),72908241,1.72
Poland,1920,Other (1.00),83036329,1.72
Poland,1930,Other (1.00),84561551,1.48
Poland,1940,Other (1.00),89152432,1.36
Poland,1950,Other (1.00),118624791,1.12
Poland,1960,Other (1.00),185777709,1.06
Poland,1970,Other (1.00),295542308,1.02
Poland,1980,Other (1.00),330845652,0.83
Poland,1990,Other (1.00),363284642,0.7
Poland,2000,Other (1.00),606367612,0.79
Poland,2010,Other (1.00),908799333,0.84
Portugal,1750,Other (1.00),,
Portugal,1760,Other (1.00),,
Portugal,1770,Other (1.00),,
Portugal,1780,Other (1.00),,
Portugal,1790,Other (1.00),,
Portugal,1800,Other (1.00),,
Portugal,1810,Other (1.00),,
Portugal,1820,Other (1.00),5335422,0.51
Portugal,1830,Other (1.00),5507671,0.6
Portugal,1840,Other (1.00),5727297,0.55
Portugal,1850,Other (1.00),5680309,0.44
Portugal,1860,Other (1.00),6148383,0.62
Portugal,1870,Other (1.00),6803255,0.38
Portugal,1880,Other (1.00),7967244,0.42
Portugal,1890,Other (1.00),9427696,0.36
Portugal,1900,Other (1.00),11213916,0.33
Portugal,1910,Other (1.00),11651017,0.27
Portugal,1920,Other (1.00),14582298,0.3
Portugal,1930,Other (1.00),19224504,0.34
Portugal,1940,Other (1.00),23825414,0.36
Portugal,1950,Other (1.00),33574206,0.32
Portugal,1960,Other (1.00),56652572,0.32
Portugal,1970,Other (1.00),100095960,0.34
Portugal,1980,Other (1.00),137268162,0.34
Portugal,1990,Other (1.00),195175607,0.38
Portugal,2000,Other (1.00),253940772,0.33
Portugal,2010,Other (1.00),261093210,0.24
Puerto Rico,1820,Other (1.00),,
Puerto Rico,1850,Other (1.00),,
Puerto Rico,1870,Other (1.00),,
Puerto Rico,1900,Other (1.00),,
Puerto Rico,1910,Other (1.00),,
Puerto Rico,1920,Other (1.00),,
Puerto Rico,1930,Other (1.00),,
Puerto Rico,1940,Other (1.00),,
Puerto Rico,1950,Other (1.00),9463013,0.09
Puerto Rico,1960,Other (1.00),18653345,0.11
Puerto Rico,1970,Other (1.00),33715828,0.12
Puerto Rico,1980,Other (1.00),46653879,0.12
Puerto Rico,1990,Other (1.00),76650090,0.15
Puerto Rico,2000,Other (1.00),118580679,0.15
Puerto Rico,2010,Other (1.00),122096641,0.11
Qatar,1950,Other (1.00),1699999,0.02
Qatar,1960,Other (1.00),3512538,0.02
Qatar,1970,Other (1.00),9048173,0.03
Qatar,1980,Other (1.00),7449378,0.02
Qatar,1990,Other (1.00),10793293,0.02
Qatar,2000,Other (1.00),69097033,0.09
Qatar,2010,Other (1.00),343437102,0.32
Republic of Korea,1820,Other (1.00),7664200,0.74
Republic of Korea,1850,Other (1.00),,
Republic of Korea,1870,Other (1.00),8000945,0.45
Republic of Korea,1890,Other (1.00),,
Republic of Korea,1900,Other (1.00),,
Republic of Korea,1910,Other (1.00),13685149,0.32
Republic of Korea,1920,Other (1.00),19134482,0.4
Republic of Korea,1930,Other (1.00),25474476,0.45
Republic of Korea,1940,Other (1.00),25694474,0.39
Republic of Korea,1950,Other (1.00),28503524,0.27
Republic of Korea,1960,Other (1.00),55984687,0.32
Republic of Korea,1970,Other (1.00),154584484,0.53
Republic of Korea,1980,Other (1.00),362044262,0.91
Republic of Korea,1990,Other (1.00),808515360,1.56
Republic of Korea,2000,Other (1.00),1301710043,1.7
Republic of Korea,2010,Other (1.00),1751588402,1.62
Republic of Moldova,1950,Other (1.00),,
Republic of Moldova,1960,Other (1.00),,
Republic of Moldova,1970,Other (1.00),32557333,0.11
Republic of Moldova,1980,Other (1.00),40945793,0.1
Republic of Moldova,1990,Other (1.00),21176092,0.04
Republic of Moldova,2000,Other (1.00),15387600,0.02
Republic of Moldova,2010,Other (1.00),20234124,0.02
Romania,1820,Other (1.00),,
Romania,1850,Other (1.00),,
Romania,1860,Other (1.00),,
Romania,1870,Other (1.00),3793681,0.21
Romania,1880,Other (1.00),,
Romania,1890,Other (1.00),6193718,0.23
Romania,1900,Other (1.00),6853000,0.2
Romania,1910,Other (1.00),9086392,0.21
Romania,1920,Other (1.00),7891581,0.16
Romania,1930,Other (1.00),10063074,0.18
Romania,1940,Other (1.00),11077374,0.17
Romania,1950,Other (1.00),20822074,0.2
Romania,1960,Other (1.00),42795613,0.24
Romania,1970,Other (1.00),93882771,0.32
Romania,1980,Other (1.00),135336884,0.34
Romania,1990,Other (1.00),129693369,0.25
Romania,2000,Other (1.00),240634739,0.31
Romania,2010,Other (1.00),356161298,0.33
Russian Federation,1950,Other (1.00),,
Russian Federation,1960,Other (1.00),881729630,5.02
Russian Federation,1970,Other (1.00),1445458837,4.97
Russian Federation,1980,Other (1.00),1789107252,4.5
Russian Federation,1990,Other (1.00),1436396449,2.77
Russian Federation,2000,Other (1.00),2279566633,2.98
Russian Federation,2010,Other (1.00),3434439676,3.17
Rwanda,1950,Other (1.00),3010457,0.03
Rwanda,1960,Other (1.00),3730476,0.02
Rwanda,1970,Other (1.00),5869068,0.02
Rwanda,1980,Other (1.00),9631818,0.02
Rwanda,1990,Other (1.00),7438771,0.01
Rwanda,2000,Other (1.00),10368182,0.01
Rwanda,2010,Other (1.00),17765094,0.02
Saint Lucia,1950,Other (1.00),117958,0.0
Saint Lucia,1960,Other (1.00),180068,0.0
Saint Lucia,1970,Other (1.00),291675,0.0
Saint Lucia,1980,Other (1.00),488385,0.0
Saint Lucia,1990,Other (1.00),881608,0.0
Saint Lucia,2000,Other (1.00),1321055,0.0
Saint Lucia,2010,Other (1.00),1665184,0.0
Sao Tome and Principe,1950,Other (1.00),77077,0.0
Sao Tome and Principe,1960,Other (1.00),120496,0.0
Sao Tome and Principe,1970,Other (1.00),209580,0.0
Sao Tome and Principe,1980,Other (1.00),266876,0.0
Sao Tome and Principe,1990,Other (1.00),280042,0.0
Sao Tome and Principe,2000,Other (1.00),395884,0.0
Sao Tome and Principe,2010,Other (1.00),653609,0.0
Saudi Arabia,1820,Other (1.00),1666527,0.16
Saudi Arabia,1870,Other (1.00),1938202,0.11
Saudi Arabia,1910,Other (1.00),2558256,0.06
Saudi Arabia,1950,Other (1.00),19104422,0.18
Saudi Arabia,1960,Other (1.00),45513854,0.26
Saudi Arabia,1970,Other (1.00),130697489,0.45
Saudi Arabia,1980,Other (1.00),210221395,0.53
Saudi Arabia,1990,Other (1.00),346075930,0.67
Saudi Arabia,2000,Other (1.00),726409154,0.95
Saudi Arabia,2010,Other (1.00),1504893878,1.39
Senegal,1950,Other (1.00),6282436,0.06
Senegal,1960,Other (1.00),8702091,0.05
Senegal,1970,Other (1.00),10893878,0.04
Senegal,1980,Other (1.00),13698213,0.03
Senegal,1990,Other (1.00),17315799,0.03
Senegal,2000,Other (1.00),24090273,0.03
Senegal,2010,Other (1.00),34182838,0.03
Serbia,1950,Other (1.00),17025869,0.16
Serbia,1960,Other (1.00),35216313,0.2
Serbia,1970,Other (1.00),62726134,0.22
Serbia,1980,Other (1.00),83819636,0.21
Serbia,1990,Other (1.00),49518360,0.1
Serbia,2000,Other (1.00),66729683,0.09
Serbia,2010,Other (1.00),92729091,0.09
Seychelles,1950,Other (1.00),104670,0.0
Seychelles,1960,Other (1.00),156053,0.0
Seychelles,1970,Other (1.00),285802,0.0
Seychelles,1980,Other (1.00),432116,0.0
Seychelles,1990,Other (1.00),797592,0.0
Seychelles,2000,Other (1.00),1326191,0.0
Seychelles,2010,Other (1.00),2242168,0.0
Sierra Leone,1950,Other (1.00),2282366,0.02
Sierra Leone,1960,Other (1.00),3307061,0.02
Sierra Leone,1970,Other (1.00),4642484,0.02
Sierra Leone,1980,Other (1.00),5917626,0.01
Sierra Leone,1990,Other (1.00),4933864,0.01
Sierra Leone,2000,Other (1.00),5378000,0.01
Sierra Leone,2010,Other (1.00),9627715,0.01
Singapore,1820,Other (1.00),,
Singapore,1850,Other (1.00),,
Singapore,1870,Other (1.00),119532,0.01
Singapore,1890,Other (1.00),,
Singapore,1900,Other (1.00),483212,0.01
Singapore,1910,Other (1.00),773254,0.02
Singapore,1920,Other (1.00),1278809,0.03
Singapore,1930,Other (1.00),1924575,0.03
Singapore,1940,Other (1.00),,
Singapore,1950,Other (1.00),3924888,0.04
Singapore,1960,Other (1.00),7990482,0.05
Singapore,1970,Other (1.00),21264100,0.07
Singapore,1980,Other (1.00),45612916,0.11
Singapore,1990,Other (1.00),103564093,0.2
Singapore,2000,Other (1.00),201006821,0.26
Singapore,2010,Other (1.00),359101718,0.33
Slovakia,1950,Other (1.00),,
Slovakia,1960,Other (1.00),,
Slovakia,1970,Other (1.00),,
Slovakia,1980,Other (1.00),63417904,0.16
Slovakia,1990,Other (1.00),63579107,0.12
Slovakia,2000,Other (1.00),94334583,0.12
Slovakia,2010,Other (1.00),129872761,0.12
Slovenia,1950,Other (1.00),7611590,0.07
Slovenia,1960,Other (1.00),15157146,0.09
Slovenia,1970,Other (1.00),28715248,0.1
Slovenia,1980,Other (1.00),39271480,0.1
Slovenia,1990,Other (1.00),35423907,0.07
Slovenia,2000,Other (1.00),49344250,0.06
Slovenia,2010,Other (1.00),54428737,0.05
South Africa,1750,British Empire (1.00),,
South Africa,1760,British Empire (1.00),,
South Africa,1770,British Empire (1.00),,
South Africa,1780,British Empire (1.00),,
South Africa,1790,British Empire (1.00),,
South Africa,1800,British Empire (1.00),,
South Africa,1810,British Empire (1.00),,
South Africa,1820,British Empire (1.00),2053750,0.2
South Africa,1830,British Empire (1.00),,
South Africa,1840,British Empire (1.00),,
South Africa,1850,British Empire (1.00),,
South Africa,1860,British Empire (1.00),,
South Africa,1870,British Empire (1.00),4323787,0.24
South Africa,1880,British Empire (1.00),,
South Africa,1890,British Empire (1.00),,
South Africa,1900,British Empire (1.00),,
South Africa,1910,British Empire (1.00),11349208,0.27
South Africa,1920,British Empire (1.00),,
South Africa,1930,British Empire (1.00),,
South Africa,1940,British Empire (1.00),,
South Africa,1950,Other (1.00),67479540,0.64
South Africa,1960,Other (1.00),109181844,0.62
South Africa,1970,Other (1.00),170472532,0.59
South Africa,1980,Other (1.00),220551453,0.55
South Africa,1990,Other (1.00),268667463,0.52
South Africa,2000,Other (1.00),442555816,0.58
South Africa,2010,Other (1.00),638827420,0.59
Spain,1750,Spanish Empire (1.00),,
Spain,1760,Spanish Empire (1.00),,
Spain,1770,Spanish Empire (1.00),,
Spain,1780,Spanish Empire (1.00),,
Spain,1790,Spanish Empire (1.00),,
Spain,1800,Spanish Empire (1.00),,
Spain,1810,Spanish Empire (1.00),,
Spain,1820,Spanish Empire (1.00),20734964,2.0
Spain,1830,Spanish Empire (1.00),22575235,2.47
Spain,1840,Spanish Empire (1.00),24895121,2.38
Spain,1850,Spanish Empire (1.00),27255503,2.12
Spain,1860,Spanish Empire (1.00),30113677,3.03
Spain,1870,Spanish Empire (1.00),37345401,2.09
Spain,1880,Spanish Empire (1.00),43241303,2.27
Spain,1890,Spanish Empire (1.00),46344544,1.75
Spain,1900,Other (1.00),53138515,1.56
Spain,1910,Other (1.00),61123719,1.44
Spain,1920,Other (1.00),80689673,1.67
Spain,1930,Other (1.00),82948935,1.45
Spain,1940,Other (1.00),91423677,1.39
Spain,1950,Other (1.00),128842330,1.22
Spain,1960,Other (1.00),229551324,1.31
Spain,1970,Other (1.00),427361965,1.47
Spain,1980,Other (1.00),585150212,1.47
Spain,1990,NATO + Aligned (1.00),869961913,1.68
Spain,2000,NATO + Aligned (1.00),1331781728,1.74
Spain,2010,NATO + Aligned (1.00),1465827409,1.35
Sri Lanka,1820,Other (1.00),1063801,0.1
Sri Lanka,1850,Other (1.00),1993083,0.15
Sri Lanka,1870,Other (1.00),3635513,0.2
Sri Lanka,1880,Other (1.00),4484895,0.23
Sri Lanka,1890,Other (1.00),6287239,0.24
Sri Lanka,1900,Other (1.00),8239511,0.24
Sri Lanka,1910,Other (1.00),9204522,0.22
Sri Lanka,1920,Other (1.00),10260925,0.21
Sri Lanka,1930,Other (1.00),11301692,0.2
Sri Lanka,1940,Other (1.00),12593785,0.19
Sri Lanka,1950,Other (1.00),17752230,0.17
Sri Lanka,1960,Other (1.00),23726079,0.13
Sri Lanka,1970,Other (1.00),33974704,0.12
Sri Lanka,1980,Other (1.00),54368118,0.14
Sri Lanka,1990,Other (1.00),85765036,0.17
Sri Lanka,2000,Other (1.00),127446367,0.17
Sri Lanka,2010,Other (1.00),213916964,0.2
State of Palestine,1820,Other (1.00),,
State of Palestine,1870,Other (1.00),525574,0.03
State of Palestine,1910,Other (1.00),1427328,0.03
State of Palestine,1950,Other (1.00),1931076,0.02
State of Palestine,1960,Other (1.00),2921739,0.02
State of Palestine,1970,Other (1.00),4775569,0.02
State of Palestine,1980,Other (1.00),7676596,0.02
State of Palestine,1990,Other (1.00),13674881,0.03
State of Palestine,2000,Other (1.00),15173383,0.02
State of Palestine,2010,Other (1.00),21455245,0.02
Sudan (Former),1820,Other (1.00),,
Sudan (Former),1950,Other (1.00),10384140,0.1
Sudan (Former),1960,Other (1.00),14502408,0.08
Sudan (Former),1970,Other (1.00),18899266,0.06
Sudan (Former),1980,Other (1.00),24689469,0.06
Sudan (Former),1990,Other (1.00),35122281,0.07
Sudan (Former),2000,Other (1.00),80031486,0.1
Sudan (Former),2010,Other (1.00),132216137,0.12
Swaziland,1950,Other (1.00),202505,0.0
Swaziland,1960,Other (1.00),460993,0.0
Swaziland,1970,Other (1.00),1267113,0.0
Swaziland,1980,Other (1.00),2248044,0.01
Swaziland,1990,Other (1.00),4213110,0.01
Swaziland,2000,Other (1.00),5965726,0.01
Swaziland,2010,Other (1.00),8147083,0.01
Sweden,1750,Other (1.00),,
Sweden,1760,Other (1.00),,
Sweden,1770,Other (1.00),,
Sweden,1780,Other (1.00),,
Sweden,1790,Other (1.00),,
Sweden,1800,Other (1.00),,
Sweden,1810,Other (1.00),,
Sweden,1820,Other (1.00),4023808,0.39
Sweden,1830,Other (1.00),4530726,0.5
Sweden,1840,Other (1.00),5142747,0.49
Sweden,1850,Other (1.00),6317877,0.49
Sweden,1860,Other (1.00),7646845,0.77
Sweden,1870,Other (1.00),10029033,0.56
Sweden,1880,Other (1.00),11521916,0.6
Sweden,1890,Other (1.00),14314302,0.54
Sweden,1900,Other (1.00),19309022,0.57
Sweden,1910,Other (1.00),25801275,0.61
Sweden,1920,Other (1.00),32722662,0.68
Sweden,1930,Other (1.00),44377793,0.78
Sweden,1940,Other (1.00),56574779,0.86
Sweden,1950,Other (1.00),86606923,0.82
Sweden,1960,Other (1.00),128223978,0.73
Sweden,1970,Other (1.00),178941305,0.62
Sweden,1980,Other (1.00),214096372,0.54
Sweden,1990,Other (1.00),252399292,0.49
Sweden,2000,Other (1.00),347086565,0.45
Sweden,2010,Other (1.00),421551456,0.39
Switzerland,1820,Other (1.00),,
Switzerland,1830,Other (1.00),,
Switzerland,1840,Other (1.00),,
Switzerland,1850,Other (1.00),6192894,0.48
Switzerland,1860,Other (1.00),7420393,0.75
Switzerland,1870,Other (1.00),9285250,0.52
Switzerland,1880,Other (1.00),13233997,0.69
Switzerland,1890,Other (1.00),17594966,0.66
Switzerland,1900,Other (1.00),24623366,0.72
Switzerland,1910,Other (1.00),29799698,0.7
Switzerland,1920,Other (1.00),32269678,0.67
Switzerland,1930,Other (1.00),40588118,0.71
Switzerland,1940,Other (1.00),43263638,0.66
Switzerland,1950,Other (1.00),66744907,0.63
Switzerland,1960,Other (1.00),113355855,0.64
Switzerland,1970,Other (1.00),160712430,0.55
Switzerland,1980,Other (1.00),194787505,0.49
Switzerland,1990,Other (1.00),259040531,0.5
Switzerland,2000,Other (1.00),372226646,0.49
Switzerland,2010,Other (1.00),493856752,0.46
Syrian Arab Republic,1820,Other (1.00),1449308,0.14
Syrian Arab Republic,1870,Other (1.00),2219546,0.12
Syrian Arab Republic,1910,Other (1.00),4131568,0.1
Syrian Arab Republic,1950,Other (1.00),18874133,0.18
Syrian Arab Republic,1960,Other (1.00),28815435,0.16
Syrian Arab Republic,1970,Other (1.00),58305940,0.2
Syrian Arab Republic,1980,Other (1.00),102819375,0.26
Syrian Arab Republic,1990,Other (1.00),132467051,0.26
Syrian Arab Republic,2000,Other (1.00),130367586,0.17
Syrian Arab Republic,2010,Other (1.00),79414495,0.07
TFYR of Macedonia,1950,Other (1.00),3600452,0.03
TFYR of Macedonia,1960,Other (1.00),7003978,0.04
TFYR of Macedonia,1970,Other (1.00),13408722,0.05
TFYR of Macedonia,1980,Other (1.00),18479861,0.05
TFYR of Macedonia,1990,Other (1.00),14867932,0.03
TFYR of Macedonia,2000,Other (1.00),18560800,0.02
TFYR of Macedonia,2010,Other (1.00),25178229,0.02
"Taiwan, Province of China",1820,Other (1.00),1932000,0.19
"Taiwan, Province of China",1850,Other (1.00),,
"Taiwan, Province of China",1870,Other (1.00),2269960,0.13
"Taiwan, Province of China",1890,Other (1.00),,
"Taiwan, Province of China",1900,Other (1.00),3494952,0.1
"Taiwan, Province of China",1910,Other (1.00),4765165,0.11
"Taiwan, Province of China",1920,Other (1.00),7356214,0.15
"Taiwan, Province of China",1930,Other (1.00),10839059,0.19
"Taiwan, Province of China",1940,Other (1.00),12590038,0.19
"Taiwan, Province of China",1950,Other (1.00),16105622,0.15
"Taiwan, Province of China",1960,Other (1.00),35530066,0.2
"Taiwan, Province of China",1970,Other (1.00),93377968,0.32
"Taiwan, Province of China",1980,Other (1.00),211853954,0.53
"Taiwan, Province of China",1990,Other (1.00),435189935,0.84
"Taiwan, Province of China",2000,Other (1.00),688690839,0.9
"Taiwan, Province of China",2010,Other (1.00),948068867,0.88
Tajikistan,1950,Other (1.00),,
Tajikistan,1960,Other (1.00),,
Tajikistan,1970,Other (1.00),22189707,0.08
Tajikistan,1980,Other (1.00),24479136,0.06
Tajikistan,1990,Other (1.00),13788359,0.03
Tajikistan,2000,Other (1.00),15721950,0.02
Tajikistan,2010,Other (1.00),29422781,0.03
Thailand,1820,Other (1.00),4240485,0.41
Thailand,1850,Other (1.00),,
Thailand,1870,Other (1.00),5595975,0.31
Thailand,1890,Other (1.00),8337500,0.31
Thailand,1900,Other (1.00),,
Thailand,1910,Other (1.00),11950322,0.28
Thailand,1920,Other (1.00),13702266,0.28
Thailand,1930,Other (1.00),18266790,0.32
Thailand,1940,Other (1.00),,
Thailand,1950,Other (1.00),33479396,0.32
Thailand,1960,Other (1.00),66540433,0.38
Thailand,1970,Other (1.00),134022379,0.46
Thailand,1980,Other (1.00),254904843,0.64
Thailand,1990,Other (1.00),532056663,1.03
Thailand,2000,Other (1.00),726670944,0.95
Thailand,2010,Other (1.00),986395388,0.91
Togo,1950,Other (1.00),1203784,0.01
Togo,1960,Other (1.00),2196106,0.01
Togo,1970,Other (1.00),3631990,0.01
Togo,1980,Other (1.00),3984684,0.01
Togo,1990,Other (1.00),4992613,0.01
Togo,2000,Other (1.00),6408124,0.01
Togo,2010,Other (1.00),9774679,0.01
Trinidad and Tobago,1820,Other (1.00),,
Trinidad and Tobago,1850,Other (1.00),,
Trinidad and Tobago,1870,Other (1.00),,
Trinidad and Tobago,1900,Other (1.00),,
Trinidad and Tobago,1910,Other (1.00),,
Trinidad and Tobago,1920,Other (1.00),,
Trinidad and Tobago,1930,Other (1.00),,
Trinidad and Tobago,1940,Other (1.00),,
Trinidad and Tobago,1950,Other (1.00),5182064,0.05
Trinidad and Tobago,1960,Other (1.00),10235713,0.06
Trinidad and Tobago,1970,Other (1.00),15263482,0.05
Trinidad and Tobago,1980,Other (1.00),19868896,0.05
Trinidad and Tobago,1990,Other (1.00),18880173,0.04
Trinidad and Tobago,2000,Other (1.00),31912673,0.04
Trinidad and Tobago,2010,Other (1.00),36546519,0.03
Tunisia,1820,French Empire (1.00),599375,0.06
Tunisia,1870,French Empire (1.00),1186584,0.07
Tunisia,1910,French Empire (1.00),2631090,0.06
Tunisia,1950,Other (1.00),7265410,0.07
Tunisia,1960,Other (1.00),11372079,0.06
Tunisia,1970,Other (1.00),21440185,0.07
Tunisia,1980,Other (1.00),35382228,0.09
Tunisia,1990,Other (1.00),54711238,0.11
Tunisia,2000,Other (1.00),88986726,0.12
Tunisia,2010,Other (1.00),120280914,0.11
Turkey,1750,Other (1.00),,
Turkey,1820,Other (1.00),9812076,0.94
Turkey,1870,Other (1.00),13738845,0.77
Turkey,1910,Other (1.00),17287500,0.41
Turkey,1920,Other (1.00),17921692,0.37
Turkey,1930,Other (1.00),29986087,0.53
Turkey,1940,Other (1.00),35587673,0.54
Turkey,1950,Other (1.00),64065920,0.61
Turkey,1960,Other (1.00),112644571,0.64
Turkey,1970,Other (1.00),220212006,0.76
Turkey,1980,Other (1.00),352450790,0.89
Turkey,1990,Other (1.00),620624880,1.2
Turkey,2000,Other (1.00),990241612,1.29
Turkey,2010,Other (1.00),1509979670,1.39
Turkmenistan,1950,Other (1.00),,
Turkmenistan,1960,Other (1.00),,
Turkmenistan,1970,Other (1.00),19148899,0.07
Turkmenistan,1980,Other (1.00),20551502,0.05
Turkmenistan,1990,Other (1.00),16199297,0.03
Turkmenistan,2000,Other (1.00),39194716,0.05
Turkmenistan,2010,Other (1.00),108187352,0.1
U.R. of Tanzania: Mainland,1950,Other (1.00),6406305,0.06
U.R. of Tanzania: Mainland,1960,Other (1.00),9455380,0.05
U.R. of Tanzania: Mainland,1970,Other (1.00),15234973,0.05
U.R. of Tanzania: Mainland,1980,Other (1.00),18873043,0.05
U.R. of Tanzania: Mainland,1990,Other (1.00),27601437,0.05
U.R. of Tanzania: Mainland,2000,Other (1.00),58812643,0.08
U.R. of Tanzania: Mainland,2010,Other (1.00),125121487,0.12
Uganda,1950,Other (1.00),6743794,0.06
Uganda,1960,Other (1.00),10233026,0.06
Uganda,1970,Other (1.00),13610999,0.05
Uganda,1980,Other (1.00),13153464,0.03
Uganda,1990,Other (1.00),20999327,0.04
Uganda,2000,Other (1.00),40095582,0.05
Uganda,2010,Other (1.00),71149960,0.07
Ukraine,1950,Other (1.00),,
Ukraine,1960,Other (1.00),,
Ukraine,1970,Other (1.00),382310764,1.31
Ukraine,1980,Other (1.00),473082100,1.19
Ukraine,1990,Other (1.00),321566816,0.62
Ukraine,2000,Other (1.00),381657195,0.5
Ukraine,2010,Other (1.00),438778752,0.41
United Arab Emirates,1950,Other (1.00),2506077,0.02
United Arab Emirates,1960,Other (1.00),5879616,0.03
United Arab Emirates,1970,Other (1.00),20845951,0.07
United Arab Emirates,1980,Other (1.00),40482467,0.1
United Arab Emirates,1990,Other (1.00),61910398,0.12
United Arab Emirates,2000,Other (1.00),292476361,0.38
United Arab Emirates,2010,Other (1.00),654127185,0.6
United Kingdom,1750,British Empire (1.00),,
United Kingdom,1760,British Empire (1.00),,
United Kingdom,1770,British Empire (1.00),,
United Kingdom,1780,British Empire (1.00),,
United Kingdom,1790,British Empire (1.00),,
United Kingdom,1800,British Empire (1.00),,
United Kingdom,1810,British Empire (1.00),,
United Kingdom,1820,British Empire (1.00),76663949,7.38
United Kingdom,1830,British Empire (1.00),94818692,10.39
United Kingdom,1840,British Empire (1.00),114905632,10.97
United Kingdom,1850,British Empire (1.00),132240454,10.27
United Kingdom,1860,British Empire (1.00),158232980,15.94
United Kingdom,1870,British Empire (1.00),191865395,10.72
United Kingdom,1880,British Empire (1.00),226182507,11.85
United Kingdom,1890,British Empire (1.00),274218923,10.33
United Kingdom,1900,British Empire (1.00),325149260,9.54
United Kingdom,1910,British Empire (1.00),377703550,8.9
United Kingdom,1920,British Empire (1.00),354503386,7.35
United Kingdom,1930,British Empire (1.00),426815262,7.48
United Kingdom,1940,British Empire (1.00),557372368,8.5
United Kingdom,1950,UK (1.00),618190354,5.85
United Kingdom,1960,UK (1.00),825107935,4.69
United Kingdom,1970,UK (1.00),1066247382,3.67
United Kingdom,1980,UK (1.00),1288094394,3.24
United Kingdom,1990,UK (1.00),1617959344,3.12
United Kingdom,2000,UK (1.00),2099473727,2.74
United Kingdom,2010,UK (1.00),2359015981,2.18
United States,1770,US (1.00),,
United States,1800,US (1.00),,
United States,1810,US (1.00),,
United States,1820,US (1.00),32359488,3.11
United States,1830,US (1.00),50566549,5.54
United States,1840,US (1.00),69684193,6.65
United States,1850,US (1.00),111704691,8.67
United States,1860,US (1.00),165705755,16.69
United States,1870,US (1.00),228052612,12.75
United States,1880,US (1.00),364862483,19.11
United States,1890,US (1.00),491168020,18.51
United States,1900,US (1.00),758604514,22.26
United States,1910,US (1.00),983706465,23.19
United States,1920,US (1.00),1262509285,26.16
United States,1930,US (1.00),1261696939,22.11
United States,1940,US (1.00),2075584586,31.66
United States,1950,US (1.00),2771936486,26.24
United States,1960,US (1.00),4037260180,22.96
United States,1970,US (1.00),5739127281,19.73
United States,1980,US (1.00),7726072227,19.42
United States,1990,US (1.00),10508445117,20.25
United States,2000,US (1.00),14260354457,18.62
United States,2010,US (1.00),16547004777,15.28
Uruguay,1800,Other (1.00),,
Uruguay,1820,Other (1.00),109065,0.01
Uruguay,1850,Other (1.00),325644,0.03
Uruguay,1860,Other (1.00),,
Uruguay,1870,Other (1.00),1460044,0.08
Uruguay,1880,Other (1.00),2171576,0.11
Uruguay,1890,Other (1.00),2987162,0.11
Uruguay,1900,Other (1.00),3840465,0.11
Uruguay,1910,Other (1.00),5146992,0.12
Uruguay,1920,Other (1.00),6616438,0.14
Uruguay,1930,Other (1.00),9052508,0.16
Uruguay,1940,Other (1.00),11296620,0.17
Uruguay,1950,Other (1.00),18254947,0.17
Uruguay,1960,Other (1.00),20159484,0.11
Uruguay,1970,Other (1.00),24402166,0.08
Uruguay,1980,Other (1.00),29366287,0.07
Uruguay,1990,Other (1.00),38443499,0.07
Uruguay,2000,Other (1.00),42809549,0.06
Uruguay,2010,Other (1.00),62761334,0.06
Uzbekistan,1950,Other (1.00),,
Uzbekistan,1960,Other (1.00),,
Uzbekistan,1970,Other (1.00),111918423,0.38
Uzbekistan,1980,Other (1.00),130261420,0.33
Uzbekistan,1990,Other (1.00),117097964,0.23
Uzbekistan,2000,Other (1.00),141649957,0.18
Uzbekistan,2010,Other (1.00),263507772,0.24
Venezuela (Bolivarian Republic of),1800,Other (1.00),,
Venezuela (Bolivarian Republic of),1820,Other (1.00),695024,0.07
Venezuela (Bolivarian Republic of),1830,Other (1.00),,
Venezuela (Bolivarian Republic of),1840,Other (1.00),,
Venezuela (Bolivarian Republic of),1850,Other (1.00),2510304,0.19
Venezuela (Bolivarian Republic of),1860,Other (1.00),,
Venezuela (Bolivarian Republic of),1870,Other (1.00),3380362,0.19
Venezuela (Bolivarian Republic of),1880,Other (1.00),4735281,0.25
Venezuela (Bolivarian Republic of),1890,Other (1.00),5354292,0.2
Venezuela (Bolivarian Republic of),1900,Other (1.00),4695107,0.14
Venezuela (Bolivarian Republic of),1910,Other (1.00),5397648,0.13
Venezuela (Bolivarian Republic of),1920,Other (1.00),7148549,0.15
Venezuela (Bolivarian Republic of),1930,Other (1.00),12024245,0.21
Venezuela (Bolivarian Republic of),1940,Other (1.00),24133315,0.37
Venezuela (Bolivarian Republic of),1950,Other (1.00),62991885,0.6
Venezuela (Bolivarian Republic of),1960,Other (1.00),121850405,0.69
Venezuela (Bolivarian Republic of),1970,Other (1.00),203945808,0.7
Venezuela (Bolivarian Republic of),1980,Other (1.00),240147352,0.6
Venezuela (Bolivarian Republic of),1990,Other (1.00),304764628,0.59
Venezuela (Bolivarian Republic of),2000,Other (1.00),384213805,0.5
Venezuela (Bolivarian Republic of),2010,Other (1.00),494453828,0.46
Viet Nam,1820,Other (1.00),5502840,0.53
Viet Nam,1870,Other (1.00),8475040,0.47
Viet Nam,1910,Other (1.00),22413901,0.53
Viet Nam,1950,Other (1.00),32379752,0.31
Viet Nam,1960,Other (1.00),47756035,0.27
Viet Nam,1970,Other (1.00),59514546,0.2
Viet Nam,1980,Other (1.00),83784359,0.21
Viet Nam,1990,Other (1.00),154695786,0.3
Viet Nam,2000,Other (1.00),297928051,0.39
Viet Nam,2010,Other (1.00),519526909,0.48
Yemen,1820,Other (1.00),,
Yemen,1870,Other (1.00),,
Yemen,1910,Other (1.00),,
Yemen,1950,Other (1.00),7819150,0.07
Yemen,1960,Other (1.00),10223869,0.06
Yemen,1970,Other (1.00),22761786,0.08
Yemen,1980,Other (1.00),39144321,0.1
Yemen,1990,Other (1.00),58674154,0.11
Yemen,2000,Other (1.00),92933508,0.12
Yemen,2010,Other (1.00),94774594,0.09
Zambia,1950,Other (1.00),3459962,0.03
Zambia,1960,Other (1.00),5933320,0.03
Zambia,1970,Other (1.00),8048992,0.03
Zambia,1980,Other (1.00),8739627,0.02
Zambia,1990,Other (1.00),11527601,0.02
Zambia,2000,Other (1.00),23326902,0.03
Zambia,2010,Other (1.00),52158706,0.05
Zimbabwe,1950,Other (1.00),4358760,0.04
Zimbabwe,1960,Other (1.00),7204768,0.04
Zimbabwe,1970,Other (1.00),13262148,0.05
Zimbabwe,1980,Other (1.00),18027894,0.05
Zimbabwe,1990,Other (1.00),24321107,0.05
Zimbabwe,2000,Other (1.00),20524180,0.03
Zimbabwe,2010,Other (1.00),20805735,0.02
